,基金1,基金2,基金3,C5进取型(81-100)-增2老客户-男-fixcombination_profit,C5进取型(81-100)-增2老客户-男-dyncombination_profit,C5进取型(81-100)-增2老客户-女-fixcombination_profit,C5进取型(81-100)-增2老客户-女-dyncombination_profit,C4成长型(61-80)-增2老客户-男-fixcombination_profit,C4成长型(61-80)-增2老客户-男-dyncombination_profit,C4成长型(61-80)-增2老客户-女-fixcombination_profit,C4成长型(61-80)-增2老客户-女-dyncombination_profit,C3平衡性(41-60)-增2老客户-男-fixcombination_profit,C3平衡性(41-60)-增2老客户-男-dyncombination_profit,C3平衡性(41-60)-增2老客户-女-fixcombination_profit,C3平衡性(41-60)-增2老客户-女-dyncombination_profit,C2稳健型(25-40)-增2老客户-男-fixcombination_profit,C2稳健型(25-40)-增2老客户-男-dyncombination_profit,C2稳健型(25-40)-增2老客户-女-fixcombination_profit,C2稳健型(25-40)-增2老客户-女-dyncombination_profit,C1保守型(0-25)-增2老客户-男-fixcombination_profit,C1保守型(0-25)-增2老客户-男-dyncombination_profit,C1保守型(0-25)-增2老客户-女-fixcombination_profit,C1保守型(0-25)-增2老客户-女-dyncombination_profit
2017/1/1,1.2788,1.31235,0.8797,1.189361446,1.189361446,1.183560783,1.183560783,1.185853842,1.185853842,1.180269029,1.180269029,1.182434208,1.182434208,1.176761425,1.176761425,1.179014574,1.179014574,1.173341791,1.173341791,1.175722821,1.175722821,1.169922158,1.169922158
2017/1/2,1.2788,1.31235,0.8796,1.189344606,1.189344606,1.183544033,1.183544033,1.185837062,1.185837062,1.180252329,1.180252329,1.182417478,1.182417478,1.176744785,1.176744785,1.178997894,1.178997894,1.173325201,1.173325201,1.175706191,1.175706191,1.169905618,1.169905618
2017/1/3,0.5306,1.3116,0.9136,1.104556696,1.104556696,1.099251888,1.099251888,1.101329607,1.101329607,1.096169219,1.096169219,1.098193878,1.098193878,1.09294213,1.09294213,1.095058149,1.095058149,1.089806401,1.089806401,1.091975481,1.091975481,1.086670673,1.086670673
2017/1/4,0.7008,1.3114,0.8353,1.111711356,1.111711356,1.106358578,1.106358578,1.108463587,1.108463587,1.103264419,1.103264419,1.105299348,1.105299348,1.10001665,1.10001665,1.102135109,1.102135109,1.096852411,1.096852411,1.099040951,1.099040951,1.093688173,1.093688173
2017/1/5,0.7011,1.3112,0.8409,1.112555806,1.112555806,1.107198478,1.107198478,1.109304977,1.109304977,1.104101849,1.104101849,1.106138238,1.106138238,1.10085102,1.10085102,1.102971499,1.102971499,1.097684281,1.097684281,1.099874871,1.099874871,1.094517543,1.094517543
2017/1/6,0.9202,1.3111,0.8301,1.137027476,1.137027476,1.131526848,1.131526848,1.133695697,1.133695697,1.128370099,1.128370099,1.130446928,1.130446928,1.12503832,1.12503832,1.127198159,1.127198159,1.121789551,1.121789551,1.124041411,1.124041411,1.118540783,1.118540783
2017/1/7,1.25225,1.31105,0.8071,1.173066221,1.173066221,1.167354033,1.167354033,1.169615527,1.169615527,1.164109274,1.164109274,1.166245543,1.166245543,1.16065858,1.16065858,1.162875559,1.162875559,1.157288596,1.157288596,1.159630801,1.159630801,1.153918613,1.153918613
2017/1/8,1.25225,1.31105,0.7941,1.170877021,1.170877021,1.165176533,1.165176533,1.167434127,1.167434127,1.161938274,1.161938274,1.164070643,1.164070643,1.15849538,1.15849538,1.160707159,1.160707159,1.155131896,1.155131896,1.157468901,1.157468901,1.151768413,1.151768413
2017/1/9,1.0029,1.3105,0.7917,1.140105686,1.140105686,1.134583828,1.134583828,1.136765127,1.136765127,1.131422729,1.131422729,1.133503738,1.133503738,1.12808217,1.12808217,1.130242349,1.130242349,1.124820781,1.124820781,1.127081251,1.127081251,1.121559393,1.121559393
2017/1/10,1.0837,1.2501,0.7893,1.108748406,1.108748406,1.103383548,1.103383548,1.105503807,1.105503807,1.100326249,1.100326249,1.102338138,1.102338138,1.09708165,1.09708165,1.099172469,1.099172469,1.093915981,1.093915981,1.096115171,1.096115171,1.090750313,1.090750313
2017/1/11,0.9054,0.3642,0.7996,0.492468376,0.631233164,0.490319708,0.628450718,0.491149307,0.629563696,0.489171139,0.62678125,0.489910198,0.627894228,0.48785207,0.625111782,0.488671089,0.62622476,0.486612961,0.623442314,0.487522521,0.624555292,0.485373853,0.621772845
2017/1/12,1.0874,0.6868,0.8005,0.731753376,0.816145548,0.728347398,0.812402019,0.729683507,0.813899431,0.726466319,0.810155901,0.727693688,0.811653313,0.72439645,0.807909783,0.725703869,0.809407195,0.722406631,0.805663665,0.723822791,0.807161077,0.720416813,0.803417547
2017/1/13,0.9018,1.0529,0.8012,0.956075316,0.905811972,0.951517278,0.9016024,0.953310457,0.903286229,0.948922719,0.899076657,0.950625718,0.900760486,0.94615786,0.896550914,0.947940979,0.898234743,0.943473121,0.894025171,0.945346421,0.895709,0.940788383,0.891499428
2017/1/14,1.2616,1.14095,0.8014,1.058685806,1.051249304,1.053567553,1.046283821,1.055592002,1.048270014,1.050680049,1.043304532,1.052578338,1.045290725,1.047586245,1.040325242,1.049564674,1.042311435,1.044572581,1.037345952,1.046677171,1.039332145,1.041558918,1.034366663
2017/1/15,1.2616,1.14095,0.8014,1.058685806,1.051249304,1.053567553,1.046283821,1.055592002,1.048270014,1.050680049,1.043304532,1.052578338,1.045290725,1.047586245,1.040325242,1.049564674,1.042311435,1.044572581,1.037345952,1.046677171,1.039332145,1.041558918,1.034366663
2017/1/16,0.7699,1.1371,0.7994,0.996604906,0.898609784,0.991846118,0.894437646,0.993717067,0.896106501,0.989115209,0.891934363,0.990909168,0.893603218,0.98622737,0.88943108,0.988101269,0.891099936,0.983419471,0.886927797,0.985370361,0.888596653,0.980611573,0.884424515
2017/1/17,1.1515,1.1358,0.7866,1.039480446,1.011682099,1.034470608,1.006922267,1.036450377,1.008826199,1.031634349,1.004066367,1.033498968,1.0059703,1.02860428,1.001210468,1.030547559,1.003114401,1.025652871,0.998354569,1.027711301,1.000258502,1.022701463,0.99549867
2017/1/18,1.2717,1.1202,0.7944,1.044748986,1.044256529,1.039702588,1.039327391,1.041698917,1.041299046,1.036859129,1.036369908,1.038728288,1.038341563,1.03380906,1.033412425,1.035757659,1.035384081,1.030838431,1.030454943,1.032914201,1.032426598,1.027867803,1.02749746
2017/1/19,1.142,1.1181,0.7276,1.016482816,0.986591533,1.011594678,0.981962109,1.013529117,0.983813878,1.008827939,0.979184455,1.010648178,0.981036224,1.00587424,0.9764068,1.007767239,0.97825857,1.002993301,0.973629146,1.005000501,0.975480916,1.000112363,0.970851492
2017/1/20,1.1719,1.1125,0.7702,1.023482586,1.004417796,1.018554778,0.99969572,1.020503127,1.00158455,1.015769529,0.996862474,1.017600688,0.998751305,1.01279007,0.994029229,1.014698249,0.995918059,1.009887631,0.991195983,1.011913001,0.993084814,1.006985193,0.988362738
2017/1/21,1.16995,1.1127,0.778,1.024696201,1.005897648,1.019762038,1.001167881,1.021712422,1.003059788,1.016973054,0.998330021,1.018806443,1.000221928,1.013989275,0.99549216,1.015900464,0.997384067,1.011083296,0.9926543,1.013111481,0.994546207,1.008177318,0.989816439
2017/1/22,1.16995,1.1127,0.778,1.024696201,1.005897648,1.019762038,1.001167881,1.021712422,1.003059788,1.016973054,0.998330021,1.018806443,1.000221928,1.013989275,0.99549216,1.015900464,0.997384067,1.011083296,0.9926543,1.013111481,0.994546207,1.008177318,0.989816439
2017/1/23,1.2095,1.1376,0.9215,1.070387126,1.064704677,1.065208978,1.05966926,1.067249137,1.061683427,1.062284089,1.05664801,1.064203298,1.058662177,1.0591461,1.05362676,1.061157459,1.055640926,1.056100261,1.050605509,1.058232571,1.052619676,1.053054423,1.047584259
2017/1/24,0.8527,1.1436,0.7698,1.005958206,0.918987417,1.001145348,0.914709366,1.003041357,0.916420586,0.998390749,0.912142535,1.000201488,0.913853755,0.9954739,0.909575704,0.997361619,0.911286925,0.992634031,0.907008874,0.994607021,0.908720094,0.989794163,0.904442043
2017/1/25,1.1741,1.0905,0.7702,1.008932446,0.996298225,1.004080098,0.99161835,1.005998307,0.9934903,1.001340389,0.988810426,1.003141188,0.990682376,0.99840625,0.986002501,1.000284069,0.987874451,0.995549131,0.983194577,0.997544361,0.985066526,0.992692013,0.980386652
2017/1/26,0.5127,1.0903,0.7751,0.930056506,0.794911771,0.925663428,0.791278604,0.927384407,0.79273187,0.923120109,0.789098703,0.924789818,0.79055197,0.92044801,0.786918803,0.922195229,0.78837207,0.917853421,0.784738903,0.919651911,0.78619217,0.915258833,0.782559002
2017/1/27,1.090128571,1.090257143,0.7776,0.999913303,0.972378676,0.995113925,0.967823124,0.997008823,0.969645345,0.992396217,0.965089792,0.994182102,0.966912013,0.989491737,0.962356461,0.991355382,0.964178682,0.986665017,0.959623129,0.988637675,0.96144535,0.983838297,0.956889798
2017/1/28,1.090128571,1.090257143,0.7775,0.999896463,0.972353072,0.995097175,0.967797653,0.996992043,0.96961982,0.992379517,0.965064401,0.994165372,0.966886569,0.989475097,0.96233115,0.991338702,0.964153317,0.986648427,0.959597898,0.988621045,0.961420066,0.983821757,0.956864646
2017/1/29,1.090128571,1.090257143,0.7775,0.999896463,0.972353072,0.995097175,0.967797653,0.996992043,0.96961982,0.992379517,0.965064401,0.994165372,0.966886569,0.989475097,0.96233115,0.991338702,0.964153317,0.986648427,0.959597898,0.988621045,0.961420066,0.983821757,0.956864646
2017/1/30,1.090128571,1.090257143,0.7774,0.999879623,0.972327468,0.995080425,0.967772182,0.996975263,0.969594296,0.992362817,0.96503901,0.994148642,0.966861124,0.989458457,0.962305838,0.991322022,0.964127953,0.986631837,0.959572666,0.988604415,0.961394781,0.983805217,0.956839495
2017/1/31,1.090128571,1.090257143,0.7774,0.999879623,0.972327468,0.995080425,0.967772182,0.996975263,0.969594296,0.992362817,0.96503901,0.994148642,0.966861124,0.989458457,0.962305838,0.991322022,0.964127953,0.986631837,0.959572666,0.988604415,0.961394781,0.983805217,0.956839495
2017/2/1,1.090128571,1.090257143,0.7612,0.997151543,0.968179598,0.992366925,0.96364587,0.994256903,0.965459361,0.989657417,0.960925634,0.991438382,0.962739125,0.986762777,0.958205397,0.988619862,0.960018888,0.983944257,0.955485161,0.985910355,0.957298652,0.981125737,0.952764924
2017/2/2,1.090128571,1.090257143,0.7612,0.997151543,0.968179598,0.992366925,0.96364587,0.994256903,0.965459361,0.989657417,0.960925634,0.991438382,0.962739125,0.986762777,0.958205397,0.988619862,0.960018888,0.983944257,0.955485161,0.985910355,0.957298652,0.981125737,0.952764924
2017/2/3,1.1575,1.0889,0.7909,1.009343906,0.99587483,1.004490148,0.991197156,1.006407347,0.993068225,1.001748429,0.988390552,1.003549878,0.990261621,0.99881187,0.985583947,1.000692409,0.987455017,0.995954401,0.982777343,0.997950691,0.984648413,0.993096933,0.979970739
2017/2/4,1.15515,1.08885,0.7884,1.008606531,0.994495028,1.003756843,0.989824526,1.005672517,0.991692726,1.001017184,0.987022224,1.002817343,0.988890425,0.99808317,0.984219923,0.999962169,0.986088124,0.995227996,0.981417622,0.997222511,0.983285823,0.992372823,0.97861532
2017/2/5,1.15515,1.08885,0.7741,1.006198411,0.990833637,1.001361593,0.986182164,1.003272977,0.988042753,0.998629084,0.983391281,1.000424953,0.98525187,0.99570365,0.980600398,0.997576929,0.982460987,0.992855626,0.977809515,0.994844421,0.979670104,0.990007603,0.975018631
2017/2/6,0.8012,1.121,0.7861,0.987288836,0.898355278,0.982576458,0.894184463,0.984430267,0.895852789,0.979876619,0.891681973,0.981650308,0.893350299,0.97701805,0.889179484,0.978870349,0.89084781,0.974238091,0.886676995,0.976170511,0.888345321,0.971458133,0.884174506
2017/2/7,0.8803,1.1196,0.7812,0.995036646,0.920766355,0.990278208,0.916479058,0.992152317,0.918193977,0.987560029,0.91390668,0.989346108,0.915621598,0.9846757,0.911334301,0.986539899,0.91304922,0.981869491,0.908761923,0.983821721,0.910476842,0.979063283,0.906189545
2017/2/8,1.1247,1.12,0.7978,1.027502766,1.000026742,1.022556908,0.995327489,1.024509877,0.99720719,1.019756269,0.992507937,1.021596768,0.994387638,1.01676338,0.989688385,1.018683659,0.991568086,1.013850271,0.986868833,1.015883021,0.988748534,1.010937163,0.984049281
2017/2/9,1.1382,1.1236,0.824,1.035963136,1.012308462,1.030971648,1.007545374,1.032941567,1.009450609,1.028146299,1.004687522,1.030002398,1.006592757,1.02512473,1.001829669,1.027063229,1.003734904,1.022185561,0.998971817,1.024237881,1.000877052,1.019246393,0.996113964
2017/2/10,1.1407,1.138,0.843,1.049160446,1.023694545,1.044099708,1.018872278,1.046096237,1.020801185,1.041233869,1.015978918,1.043116328,1.017907824,1.03816966,1.013085558,1.040136419,1.015014464,1.035189751,1.010192198,1.037270581,1.012121104,1.032209843,1.007298837
2017/2/11,1.1393,1.13805,0.844,1.049194096,1.023541805,1.044133263,1.018720332,1.046129742,1.020648921,1.041267239,1.015827449,1.043149788,1.017756038,1.038202885,1.012934565,1.040169834,1.014863154,1.035222931,1.010041681,1.037303811,1.01197027,1.032242978,1.007148797
2017/2/12,1.1393,1.13805,0.8298,1.046802816,1.019906018,1.041754763,1.015103442,1.043746982,1.017024473,1.038895839,1.012221897,1.040774128,1.014142927,1.035840005,1.009340351,1.037801274,1.011261382,1.032867151,1.006458806,1.034942351,1.008379836,1.029894298,1.00357726
2017/2/13,0.8515,1.1384,0.8421,1.014487486,0.935053265,1.009628598,0.930691712,1.011538657,0.932436333,1.006849129,0.92807478,1.008674038,0.929819401,1.0039003,0.925457848,1.005809419,0.927202469,1.001035681,0.922840916,1.003029951,0.924585537,0.998171063,0.920223984
2017/2/14,0.7999,1.1306,0.8282,1.000686726,0.912573575,0.995903768,0.90832886,0.997783257,0.910026746,0.993163109,0.905782031,0.994962608,0.907479917,0.99025964,0.903235202,0.992141959,0.904933088,0.987438991,0.900688373,0.989401301,0.902386259,0.984618343,0.898141544
2017/2/15,1.1009,1.1298,0.8304,1.036728786,1.003187228,1.031735948,0.998471548,1.033705277,1.00035782,1.028905569,0.99564214,1.030764808,0.997528412,1.02588206,0.992812732,1.027824339,0.994699004,1.022941591,0.989983324,1.024993961,0.991869596,1.020001123,0.987153916
2017/2/16,1.1087,1.1192,0.8378,1.031775246,1.004009499,1.026807388,0.999289545,1.028766437,1.001177527,1.023993229,0.996457573,1.025841408,0.998345555,1.02098442,0.993625601,1.022916379,0.995513582,1.018059391,0.990793629,1.020102221,0.99268161,1.015134363,0.987961657
2017/2/17,1.1163,1.1171,0.8688,1.036495786,1.013895773,1.031502058,1.009124435,1.033469747,1.01103297,1.028674529,1.006261633,1.030530588,1.008170168,1.02564849,1.00339883,1.027591429,1.005307365,1.022709331,1.000536028,1.024763901,1.002444563,1.019770173,0.997673225
2017/2/18,1.1148,1.11735,0.8621,1.035355406,1.011735548,1.030367883,1.006975438,1.032333462,1.008879482,1.027543629,1.004119372,1.029397728,1.006023416,1.024521685,1.001263306,1.026461994,1.00316735,1.021585951,0.99840724,1.023637741,1.000311284,1.018650218,0.995551174
2017/2/19,1.1148,1.11735,0.862,1.035338566,1.011709723,1.030351133,1.006949748,1.032316682,1.008853738,1.027526929,1.004093762,1.029380998,1.005997753,1.024505045,1.001237777,1.026445314,1.003141767,1.021569361,0.998381792,1.023621111,1.000285782,1.018633678,0.995525806
2017/2/20,0.8445,1.1313,0.8894,1.016829566,0.930179363,1.011957858,0.925843142,1.013870067,0.927577631,1.009171749,0.92324141,1.010999508,0.924975898,1.00621225,0.920639677,1.008128949,0.922374165,1.003341691,0.918037944,1.005342841,0.919772433,1.000471133,0.915436211
2017/2/21,0.88,1.1034,0.8708,0.999180116,0.92769391,0.994397948,0.923370607,0.996276167,0.925099928,0.991669079,0.920776625,0.993459298,0.922505947,0.98876513,0.918182644,0.990642429,0.919911965,0.985948261,0.915588662,0.987913561,0.917317983,0.983131393,0.91299468
2017/2/22,1.1148,1.1156,0.8857,1.038151196,1.017204409,1.033148558,1.012415874,1.035118767,1.014331288,1.030316179,1.009542754,1.032174908,1.011458167,1.02728375,1.006669633,1.029231049,1.008585047,1.024339891,1.003796513,1.026398671,1.005711926,1.021396033,1.000923392
2017/2/23,1.1305,1.1445,0.8723,1.057244606,1.029512017,1.052141888,1.024659514,1.054153247,1.026600515,1.049250809,1.021748012,1.051149118,1.023689013,1.04615945,1.01883651,1.048144989,1.020777511,1.043155321,1.015925008,1.045253911,1.017866009,1.040151193,1.013013506
2017/2/24,0.905,1.1595,0.8804,1.041581996,0.958885302,1.036577338,0.954399882,1.038544477,0.95619405,1.033718359,0.95170863,1.035594998,0.953502798,1.03068084,0.949017378,1.032645519,0.950811546,1.027731361,0.946326125,1.029786541,0.948120293,1.024781883,0.943634873
2017/2/25,1.1828,1.16015,0.9,1.078739686,1.060369447,1.073520653,1.055356562,1.075577922,1.057361716,1.070567169,1.052348831,1.072506158,1.054353985,1.067405405,1.049341101,1.069434394,1.051346255,1.064333641,1.04633337,1.066480911,1.048338524,1.061261878,1.043325639
2017/2/26,1.1828,1.16015,0.8794,1.075270646,1.055049681,1.070070153,1.050064446,1.072121242,1.05205854,1.067126969,1.047073305,1.069059778,1.049067399,1.063977565,1.044082164,1.065998314,1.046076258,1.060916101,1.041091022,1.063055131,1.043085116,1.057854638,1.038099881
2017/2/27,0.8712,1.164,0.895,1.043004796,0.952560887,1.037994908,0.948108338,1.039962587,0.949889358,1.035129319,0.945436809,1.037009878,0.947217828,1.03208711,0.942765279,1.034057169,0.944546299,1.029134401,0.940093749,1.031191581,0.941874769,1.026181693,0.93742222
2017/2/28,0.8005,1.1584,0.8816,1.028471986,0.922618065,1.023543248,0.918321144,1.025477857,0.920039912,1.020717329,0.915742991,1.022571888,0.917461759,1.0177232,0.913164838,1.019665919,0.914883607,1.014817231,0.910586685,1.016840001,0.912305454,1.011911263,0.908008533
2017/3/1,1.16,1.1587,0.8853,1.072544936,1.048160262,1.067360168,1.043210835,1.069404157,1.045190606,1.064423919,1.040241178,1.066351908,1.042220949,1.06128314,1.037271522,1.063299659,1.039251293,1.058230891,1.034301865,1.060363411,1.036281636,1.055178643,1.031332209
2017/3/2,1.1616,1.1616,0.8903,1.075532276,1.051042234,1.070331738,1.046077828,1.072381767,1.04806359,1.067386419,1.043099184,1.069320288,1.045084946,1.06423591,1.04012054,1.066258809,1.042106302,1.061174431,1.037141896,1.063313491,1.039127658,1.058112953,1.034163252
2017/3/3,0.7001,1.1698,0.9119,1.029173146,0.899754069,1.024247518,0.895575983,1.026177057,0.897247217,1.021412629,0.893069132,1.023272158,0.894740366,1.01841654,0.890562281,1.020367259,0.892233515,1.015511641,0.888055429,1.017532371,0.889726663,1.012606743,0.885548578
2017/3/4,1.1686,1.1699,0.9124,1.085685236,1.062140427,1.080430858,1.057118337,1.082501237,1.059127173,1.077454959,1.054105083,1.079408478,1.056113919,1.07427096,1.05109183,1.076315719,1.053100666,1.071178201,1.048078576,1.073339821,1.050087412,1.068085443,1.045065322
2017/3/5,1.1686,1.1699,0.8974,1.083159236,1.058266811,1.077918358,1.053264854,1.079984237,1.055265637,1.074949959,1.05026368,1.076898978,1.052264463,1.07177496,1.047262507,1.073813719,1.049263289,1.068689701,1.044261333,1.070845321,1.046262115,1.065604443,1.041260159
2017/3/6,1.1721,1.1658,0.904,1.081930786,1.059717345,1.076695868,1.054707849,1.078759037,1.056711647,1.073731729,1.051702152,1.075677688,1.05370595,1.07055998,1.048696454,1.072596339,1.050700253,1.067478631,1.045690757,1.069632201,1.047694555,1.064397283,1.04268506
2017/3/7,0.7256,1.1506,0.8938,1.016263476,0.89704543,1.011403488,0.892881422,1.013308367,0.894547025,1.008610319,0.890383018,1.010442638,0.892048621,1.00565521,0.887884613,1.007576909,0.889550216,1.002789481,0.885386209,1.004783741,0.887051812,0.999923753,0.882887805
2017/3/8,1.1634,1.1696,0.8962,1.082129576,1.056049133,1.076894468,1.051058704,1.078958007,1.053054876,1.073928859,1.048064446,1.075876058,1.050060618,1.07075729,1.045070188,1.072794109,1.04706636,1.067675341,1.04207593,1.069828501,1.044072102,1.064593393,1.039081672
2017/3/9,1.1679,1.175,0.8983,1.086660926,1.060080106,1.081401878,1.055068726,1.083474957,1.057073278,1.078422529,1.052061897,1.080378818,1.054066449,1.07523656,1.049055068,1.077282679,1.051059621,1.072140421,1.04604824,1.074303331,1.048052792,1.069044283,1.043041411
2017/3/10,0.6641,1.1374,0.9016,1.001289666,0.87304587,0.996511908,0.869006601,0.998382197,0.870622309,0.993761009,0.866583039,0.995564888,0.868198747,0.99085354,0.864159477,0.992747579,0.865775185,0.988036231,0.861735916,0.989996681,0.863351624,0.985218923,0.859312354
2017/3/11,1.15655,1.13225,0.9051,1.057652791,1.042622927,1.052545193,1.03770228,1.054557057,1.039670538,1.049655624,1.034749891,1.051551833,1.03671815,1.04655989,1.031797503,1.048546609,1.033765762,1.043554666,1.028845115,1.045657041,1.030813373,1.040549443,1.025892726
2017/3/12,1.15655,1.13225,0.905,1.057635951,1.042597103,1.052528443,1.03767659,1.054540277,1.039644795,1.049638924,1.034724282,1.051535103,1.036692487,1.04654325,1.031771974,1.048529929,1.033740179,1.043538076,1.028819666,1.045640411,1.030787872,1.040532903,1.025867359
2017/3/13,1.0824,1.1319,0.9046,1.048412656,1.016693711,1.043358638,1.011907831,1.045347617,1.013822183,1.040492299,1.009036303,1.042373038,1.010950655,1.03742726,1.006164775,1.039398459,1.008079127,1.034452681,1.003293247,1.036532121,1.005207599,1.031478103,1.000421719
2017/3/14,0.8658,1.142,0.8999,1.028365536,0.944091441,1.023432018,0.939682912,1.025368747,0.941446324,1.020611799,0.937037794,1.022461948,0.938801206,1.01761501,0.934392677,1.019555149,0.936156089,1.014708211,0.931747559,1.016734931,0.933510971,1.011801413,0.929102442
2017/3/15,1.0773,1.1371,0.8911,1.049027406,1.009600445,1.043970908,1.004851433,1.045961587,1.006751038,1.041101929,1.002002025,1.042984878,1.00390163,1.03803611,0.999152618,1.040008169,1.001052223,1.035059401,0.99630321,1.037139191,0.998202815,1.032082693,0.993453802
2017/3/16,1.1408,1.1369,0.8919,1.056666496,1.030319009,1.051565528,1.025462312,1.053575217,1.027404991,1.048677519,1.022548293,1.050573128,1.024490972,1.04558624,1.019634275,1.047571039,1.021576954,1.042584151,1.016720256,1.044683031,1.018662935,1.039582063,1.013806238
2017/3/17,0.8591,1.1491,0.9055,1.033283706,0.947252251,1.028324988,0.942827294,1.030271327,0.944597277,1.025489069,0.940172319,1.027349498,0.941942302,1.02247669,0.937517344,1.024427669,0.939287327,1.019554861,0.93486237,1.021591751,0.936632353,1.016633033,0.932207395
2017/3/18,1.0924,1.14465,0.8902,1.055776546,1.016953804,1.050683863,1.012166573,1.052689372,1.014081465,1.047794949,1.009294234,1.049691218,1.011209126,1.044707775,1.006421895,1.046693064,1.008336787,1.041709621,1.003549556,1.043804151,1.005464448,1.038711468,1.000677216
2017/3/19,1.0924,1.14465,0.8901,1.055759706,1.016925933,1.050667113,1.012138846,1.052672592,1.014053681,1.047778249,1.009266594,1.049674488,1.011181428,1.044691135,1.006394342,1.046676384,1.008309176,1.041693031,1.003522089,1.043787521,1.005436924,1.038694928,1.000649837
2017/3/20,1.0831,1.1448,0.9219,1.060097046,1.022830819,1.054981818,1.018013041,1.056994257,1.019940152,1.052079529,1.015122375,1.053983658,1.017049486,1.04897674,1.012231708,1.050973059,1.014158819,1.045966141,1.009341041,1.048070771,1.011268152,1.042955543,1.006450375
2017/3/21,1.1015,1.1516,1.0776,1.093109566,1.074630684,1.087817528,1.069543676,1.089891717,1.071578479,1.084817589,1.066491471,1.086781628,1.068526275,1.08159974,1.063439267,1.083671539,1.06547407,1.078489651,1.060387062,1.080671601,1.062421865,1.075379563,1.057334858
2017/3/22,1.1192,1.167,0.9251,1.079928236,1.043393753,1.074707158,1.0384691,1.076762467,1.040438961,1.071745819,1.035514308,1.073689208,1.037484169,1.06858005,1.032559515,1.070615949,1.034529377,1.065506791,1.029604723,1.067654611,1.031574585,1.062433533,1.026649931
2017/3/23,1.139,1.169,0.918,1.082461336,1.048546791,1.077225788,1.043595355,1.079287707,1.045575929,1.074257859,1.040624493,1.076205878,1.042605067,1.07108423,1.037653631,1.073124049,1.039634206,1.068002401,1.034682769,1.070156121,1.036663344,1.064920573,1.031711907
2017/3/24,0.8941,1.1872,0.9021,1.062578186,0.971333587,1.057464678,0.966783467,1.059473837,0.968603515,1.054539949,0.964053395,1.056459698,0.965873443,1.0514356,0.961323322,1.053445559,0.963143371,1.048421461,0.95859325,1.050520831,0.960413298,1.045407323,0.955863178
2017/3/25,1.1493,1.18445,0.9019,1.091393216,1.052948079,1.086110873,1.047973767,1.088192682,1.049963492,1.083115459,1.04498918,1.085082338,1.046978905,1.079914925,1.042004592,1.081971994,1.043994317,1.076804581,1.039020005,1.078976581,1.04100973,1.073694238,1.036035418
2017/3/26,1.1493,1.18445,0.9018,1.091376376,1.052920207,1.086094123,1.04794604,1.088175902,1.049935707,1.083098759,1.04496154,1.085065608,1.046951207,1.079898285,1.041977039,1.081955314,1.043966706,1.076787991,1.038992539,1.078959951,1.040982206,1.073677698,1.036008038
2017/3/27,0.9806,1.1749,0.9093,1.065913796,0.996937017,1.060776308,0.992253823,1.062796357,0.9941271,1.057847859,0.989443906,1.059769848,0.991317184,1.05473042,0.986633989,1.056743339,0.988507267,1.051703911,0.983824073,1.053814891,0.98569735,1.048677403,0.981014156
2017/3/28,1.1881,1.1781,0.9525,1.100305806,1.077336304,1.094972988,1.072235234,1.097072727,1.074275662,1.091953969,1.069174592,1.093934898,1.07121502,1.08872089,1.06611395,1.090797069,1.068154378,1.085583061,1.063053308,1.087778051,1.065093736,1.082445233,1.059992666
2017/3/29,1.0304,1.1818,0.9573,1.084634396,1.028925299,1.079394698,1.024075845,1.081453747,1.026015627,1.076412819,1.021166173,1.078368828,1.023105954,1.07323217,1.018256501,1.075283909,1.020196282,1.070147251,1.015346829,1.072302031,1.01728661,1.067062333,1.012437156
2017/3/30,0.775,1.1819,0.9596,1.054364436,0.946878964,1.049301098,0.942455947,1.051284357,0.944225154,1.046394479,0.939802136,1.048300238,0.941571343,1.0433144,0.937148326,1.045316119,0.938917533,1.040330281,0.934494515,1.042409501,0.936263722,1.037346163,0.931840705
2017/3/31,1.215,1.1815,0.959,1.106926036,1.089082711,1.101556638,1.083920589,1.103671157,1.085985438,1.098519159,1.080823316,1.100512178,1.082888165,1.09526428,1.077726043,1.097353199,1.079790892,1.092105301,1.074628769,1.094315721,1.076693618,1.088946323,1.071531496
2017/4/1,1.215025,1.181575,0.9542,1.106171228,1.087779918,1.10080587,1.082624567,1.102919062,1.084686707,1.097770626,1.079531357,1.099762316,1.081593497,1.09451846,1.076438146,1.096605569,1.078500286,1.091361714,1.073344936,1.093570326,1.075407076,1.088204968,1.070251725
2017/4/2,1.215025,1.181575,0.9541,1.106154388,1.087752046,1.10078912,1.08259684,1.102902282,1.084658923,1.097753926,1.079503717,1.099745586,1.081565799,1.09450182,1.076410593,1.096588889,1.078472675,1.091345124,1.073317469,1.093553696,1.075379552,1.088188428,1.070224346
2017/4/3,1.215025,1.181575,0.954,1.106137548,1.087724174,1.10077237,1.082569113,1.102885502,1.084631138,1.097737226,1.079476077,1.099728856,1.081538101,1.09448518,1.07638304,1.096572209,1.078445064,1.091328534,1.073290003,1.093537066,1.075352028,1.088171888,1.070196967
2017/4/4,1.215025,1.181575,0.9539,1.106120708,1.087696303,1.10075562,1.082541386,1.102868722,1.084603353,1.097720526,1.079448437,1.099712126,1.081510403,1.09446854,1.076355487,1.096555529,1.078417453,1.091311944,1.073262537,1.093520436,1.075324504,1.088155348,1.070169587
2017/4/5,0.6878,1.1809,0.8948,1.032288556,0.900214846,1.027348078,0.896034366,1.029284337,0.897706558,1.024502119,0.893526077,1.026369598,0.89519827,1.0214979,0.891017789,1.023454859,0.892689981,1.018583161,0.888509501,1.020608901,0.890181693,1.015668423,0.886001213
2017/4/6,0.7621,1.1808,0.8838,1.039307106,0.921178569,1.034324868,0.91688913,1.036279977,0.918604906,1.031462329,0.914315466,1.033341228,0.916031242,1.0284352,0.911741802,1.030402479,0.913457578,1.025496451,0.909168139,1.027539941,0.910883915,1.022557703,0.906594475
2017/4/7,1.2323,1.1806,0.9168,1.101294686,1.0826008,1.095954308,1.077472367,1.098060097,1.07952374,1.092934629,1.074395308,1.094917188,1.076446681,1.08970004,1.071318249,1.091774279,1.073369622,1.086557131,1.068241189,1.088754601,1.070292562,1.083414223,1.06516413
2017/4/8,1.177,1.18065,0.895,1.091004646,1.058631214,1.085722423,1.053627363,1.087805152,1.055628903,1.082730129,1.050625053,1.084695158,1.052626593,1.079530635,1.047622743,1.081585164,1.049624283,1.076420641,1.044620433,1.078592871,1.046621973,1.073310648,1.041618123
2017/4/9,1.177,1.18065,0.8949,1.090987806,1.058603342,1.085705673,1.053599636,1.087788372,1.055601119,1.082713429,1.050597413,1.084678428,1.052598895,1.079513995,1.04759519,1.081568484,1.049596672,1.076404051,1.044592967,1.078576241,1.046594449,1.073294108,1.041590743
2017/4/10,1.1487,1.1803,0.9172,1.091102946,1.055526672,1.085821778,1.050538958,1.087902187,1.052534044,1.082827609,1.047546329,1.084793148,1.049541415,1.07962685,1.0445537,1.081684109,1.046548786,1.076517811,1.041561072,1.078689941,1.043556158,1.073408773,1.038568443
2017/4/11,1.1975,1.1801,0.9199,1.097293586,1.072013512,1.091976528,1.066940107,1.094072107,1.068969469,1.088966789,1.063896064,1.090942618,1.065925426,1.08574531,1.060852021,1.087813129,1.062881383,1.082615821,1.057807979,1.084803391,1.059837341,1.079486333,1.054763936
2017/4/12,0.8785,1.18,0.9172,1.058395866,0.966462667,1.053304888,0.961937863,1.055303817,0.963747785,1.050392409,0.959222981,1.052303488,0.961032903,1.04730036,0.956508099,1.049303159,0.95831802,1.044300031,0.953793217,1.046390681,0.955603138,1.041299703,0.951078334
2017/4/13,0.8005,1.1799,0.9158,1.048709366,0.940484933,1.043674598,0.936095148,1.045649567,0.937851062,1.040786429,0.933461278,1.042681348,0.935217191,1.03772663,0.930827407,1.039713129,0.932583321,1.034758411,0.928193536,1.036824961,0.92994945,1.031790193,0.925559666
2017/4/14,1.1745,1.1766,0.9116,1.090772066,1.060649804,1.085490828,1.055635462,1.087572117,1.057641199,1.082499489,1.052626857,1.084463328,1.054632594,1.07929954,1.049618252,1.081354539,1.051623989,1.076190751,1.046609647,1.078363201,1.048615384,1.073081963,1.043601042
2017/4/15,1.1731,1.17365,0.9073,1.087892996,1.057941659,1.082626933,1.052941392,1.084702382,1.054941499,1.079644359,1.049941232,1.081602498,1.051941339,1.076453745,1.046941073,1.078502614,1.048941179,1.073353861,1.043940913,1.075520041,1.045941019,1.070253978,1.040940753
2017/4/16,1.1731,1.17365,0.9072,1.087876156,1.05791366,1.082610183,1.052913539,1.084685602,1.054913588,1.079627659,1.049913467,1.081585768,1.051913515,1.076437105,1.046913394,1.078485934,1.048913443,1.073337271,1.043913322,1.075503411,1.04591337,1.070237438,1.040913249
2017/4/17,1.16,1.1761,0.9093,1.088303696,1.055078882,1.083036428,1.050093495,1.085111977,1.05208765,1.080051639,1.047102263,1.082011188,1.049096418,1.07685992,1.044111031,1.078910399,1.046105185,1.073759131,1.041119798,1.075925611,1.043113953,1.070658343,1.038128566
2017/4/18,1.1262,1.1762,0.9096,1.084355416,1.044126519,1.079111188,1.039198057,1.081176827,1.041169442,1.076136179,1.03624098,1.078089198,1.038212364,1.07295759,1.033283902,1.075001569,1.035255287,1.069869961,1.030326825,1.072026561,1.03229821,1.066782333,1.027369748
2017/4/19,0.8833,1.176,0.9248,1.057559546,0.968745063,1.052472368,0.964208396,1.054469417,0.966023063,1.049563049,0.961486396,1.051471768,0.963301063,1.04647292,0.958764396,1.048474119,0.960579063,1.043475271,0.956042396,1.045564801,0.957857063,1.040477623,0.953320396
2017/4/20,0.828,1.1886,0.9705,1.067087676,0.967891804,1.061953978,0.963359573,1.063965787,0.965172465,1.059011939,0.960640234,1.060940948,0.962453126,1.05589005,0.957920895,1.057916109,0.959733787,1.052865211,0.955201555,1.054974071,0.957014448,1.049840373,0.952482216
2017/4/21,1.1307,1.1796,0.977,1.098536486,1.065676518,1.093216548,1.06063605,1.095308517,1.062652237,1.090199349,1.057611769,1.092178248,1.059627956,1.08697138,1.054587488,1.089047979,1.056603675,1.083841111,1.051563207,1.086030781,1.053579394,1.080710843,1.048538926
2017/4/22,1.1291,1.1796,0.9649,1.096306366,1.061764622,1.090998438,1.056744486,1.093086297,1.05875254,1.087987769,1.053732404,1.089962718,1.055740458,1.0847677,1.050720322,1.086839139,1.052728377,1.081644121,1.04770824,1.083828471,1.049716295,1.078520543,1.044696159
2017/4/23,1.1291,1.1796,0.9648,1.096289526,1.061736624,1.090981688,1.056716633,1.093069517,1.058724629,1.087971069,1.053704638,1.089945988,1.055712635,1.08475106,1.050692644,1.086822459,1.05270064,1.081627531,1.04768065,1.083811841,1.049688646,1.078504003,1.044668655
2017/4/24,1.1369,1.1787,1.0058,1.103526206,1.075451929,1.098179158,1.070360653,1.100280367,1.072397164,1.095147589,1.067305888,1.097135108,1.069342398,1.09190175,1.064251122,1.093989849,1.066287632,1.088756491,1.061196356,1.090958281,1.063232867,1.085611233,1.058141591
2017/4/25,1.2144,1.1739,1.0292,1.113557696,1.10568869,1.108152138,1.100440259,1.110276897,1.102539631,1.105095699,1.097291199,1.107099018,1.099390572,1.1018149,1.09414214,1.103921139,1.096241513,1.098637021,1.090993081,1.100864701,1.093092454,1.095459143,1.087844022
2017/4/26,0.9555,1.1737,1.0334,1.082984626,1.021986338,1.077757218,1.017172949,1.079805287,1.019098305,1.074776769,1.014284916,1.076729288,1.016210272,1.07159743,1.011396883,1.073653289,1.013322238,1.068521431,1.00850885,1.070672841,1.010434205,1.065445433,1.005620817
2017/4/27,0.8344,1.1736,1.0523,1.071531716,0.98757406,1.066372418,0.982939529,1.068389687,0.984793341,1.063419059,0.980158811,1.065352888,0.982012623,1.06027703,0.977378093,1.062316089,0.979231905,1.057240231,0.974597374,1.059362731,0.976451187,1.054203433,0.971816656
2017/4/28,1.1794,1.1734,1.0373,1.110374536,1.096314439,1.104987938,1.091114729,1.107103927,1.093194613,1.101938999,1.087994904,1.103937048,1.090074788,1.09866839,1.084875079,1.100770169,1.086954962,1.095501511,1.081755253,1.097721231,1.083835137,1.092334633,1.078635428
2017/4/29,1.1781,1.173466667,1.036,1.110044119,1.095548253,1.104659368,1.090352526,1.10677467,1.092430817,1.101611329,1.08723509,1.103608821,1.089313381,1.09834188,1.084117654,1.100442973,1.086195945,1.095176031,1.081000218,1.097394934,1.083078508,1.092010183,1.077882782
2017/4/30,1.1781,1.173466667,1.0359,1.110027279,1.095520255,1.104642618,1.090324673,1.10675789,1.092402906,1.101594629,1.087207324,1.103592091,1.089285557,1.09832524,1.084089976,1.100426293,1.086168208,1.095159441,1.080972627,1.097378304,1.083050859,1.091993643,1.077855278
2017/5/1,1.1781,1.173466667,1.0358,1.110010439,1.095492256,1.104625868,1.090296821,1.10674111,1.092374995,1.101577929,1.087179559,1.103575361,1.089257733,1.0983086,1.084062298,1.100409613,1.086140472,1.095142851,1.080945036,1.097361674,1.08302321,1.091977103,1.077827775
2017/5/2,1.1826,1.173,1.0434,1.111517376,1.098928769,1.106124448,1.093715472,1.108242667,1.095800791,1.103072339,1.090587494,1.105072298,1.092672813,1.09979763,1.087459516,1.101901929,1.089544835,1.096627261,1.084331538,1.098849821,1.086416856,1.093456893,1.081203559
2017/5/3,1.1468,1.173,1.0353,1.105846596,1.084933973,1.100486018,1.079793414,1.102591067,1.081849637,1.097448699,1.076709078,1.099439068,1.078765302,1.09419317,1.073624743,1.096287069,1.075680967,1.091041171,1.070540408,1.093249751,1.072596631,1.087889173,1.067456072
2017/5/4,0.7518,1.173,1.0367,1.058563856,0.955936537,1.053478518,0.951466443,1.055465487,0.95325448,1.050558999,0.948784386,1.052470788,0.950572424,1.04746063,0.946102329,1.049476089,0.947890367,1.044465931,0.943420273,1.046556571,0.945208311,1.041471233,0.940738216
2017/5/5,0.9802,1.1729,1.0404,1.086596116,1.031753588,1.081347918,1.026889434,1.083404377,1.028835095,1.078358239,1.023970942,1.080316678,1.025916603,1.0751665,1.02105245,1.077228979,1.022998111,1.072078801,1.018133957,1.074239301,1.020079619,1.068991103,1.015215465
2017/5/6,1.15535,1.17295,1.0367,1.107077251,1.088108933,1.101709603,1.082951872,1.103817567,1.085014697,1.098669124,1.079857636,1.100661553,1.08192046,1.09540944,1.076763399,1.097505539,1.078826224,1.092253426,1.073669163,1.094465061,1.075731987,1.089097413,1.070574926
2017/5/7,1.15535,1.17295,1.0366,1.107060411,1.088080935,1.101692853,1.08292402,1.103800787,1.084986786,1.098652424,1.07982987,1.100644823,1.081892637,1.0953928,1.076735721,1.097488859,1.078798487,1.092236836,1.073641572,1.094448431,1.075704338,1.089080873,1.070547423
2017/5/8,1.162,1.1684,1.044,1.106042596,1.090718388,1.100679648,1.085547764,1.102785427,1.087616014,1.097643079,1.08244539,1.099632658,1.08451364,1.09438591,1.079343016,1.096479889,1.081411265,1.091233141,1.076240642,1.093443321,1.078308891,1.088080373,1.073138268
2017/5/9,1.146,1.1587,1.048,1.098259416,1.083159068,1.092938018,1.078027734,1.095026617,1.080080267,1.089924619,1.074948933,1.091898618,1.077001467,1.08669182,1.071870133,1.088770619,1.073922667,1.083563821,1.068791333,1.085757221,1.070843866,1.080435823,1.065712532
2017/5/10,1.1363,1.1745,1.0609,1.109904586,1.089193731,1.104523068,1.084031032,1.106634747,1.086096112,1.101472949,1.080933413,1.103470998,1.082998492,1.09820311,1.077835793,1.100307249,1.079900873,1.095039361,1.074738174,1.097257131,1.076803253,1.091875613,1.071640554
2017/5/11,0.8306,1.1752,1.0612,1.073650776,0.989388263,1.068480528,0.984744304,1.070501567,0.986601887,1.065520499,0.981957928,1.067458478,0.983815512,1.06237129,0.979171552,1.064415389,0.981029136,1.059328201,0.976385176,1.061455361,0.97824276,1.056285113,0.9735988
2017/5/12,0.9115,1.1747,1.0652,1.083719946,1.01683123,1.078491218,1.012044635,1.080537027,1.013959273,1.075505969,1.009172678,1.077460628,1.011087316,1.07232305,1.006300722,1.074384229,1.008215359,1.069246651,1.003428765,1.071398981,1.005343403,1.066170253,1.000556808
2017/5/13,1.1281,1.17475,1.0622,1.109305396,1.086960262,1.103927573,1.081809172,1.106037532,1.083869608,1.100878739,1.078718517,1.102875888,1.080778953,1.097610875,1.075627863,1.099714244,1.077688299,1.094449231,1.072537208,1.096665411,1.074597645,1.091287588,1.069446554
2017/5/14,1.1281,1.17475,1.0621,1.109288556,1.086932264,1.103910823,1.081781319,1.106020752,1.083841697,1.100862039,1.078690752,1.102859158,1.08075113,1.097594235,1.075600185,1.099697564,1.077660563,1.094432641,1.072509617,1.096648781,1.074569996,1.091271048,1.06941905
2017/5/15,1.1334,1.165,1.0689,1.104505616,1.087116373,1.099152178,1.081964471,1.101252087,1.084025232,1.096118879,1.07887333,1.098105448,1.080934091,1.09286535,1.075782189,1.094958809,1.077842949,1.089718711,1.072691047,1.091925511,1.074751808,1.086572073,1.069599906
2017/5/16,1.117,1.1636,1.0735,1.102364576,1.082535946,1.097023378,1.07740785,1.099117787,1.079459089,1.093995639,1.074330993,1.095978348,1.076382231,1.09074885,1.071254136,1.092838909,1.073305374,1.087609411,1.068177279,1.089811171,1.070228517,1.084469973,1.065100422
2017/5/17,1.1272,1.1636,1.0698,1.102968556,1.083532979,1.097623548,1.078399702,1.099719907,1.080453013,1.094594599,1.075319735,1.096578238,1.077373046,1.09134595,1.072239769,1.093436569,1.07429308,1.088204281,1.069159802,1.090407621,1.071213113,1.085062613,1.066079836
2017/5/18,0.97,1.178,1.0649,1.092929196,1.037094867,1.087648238,1.032202952,1.089716127,1.034159718,1.084638659,1.029267803,1.086609548,1.031224569,1.08142559,1.026332654,1.083502969,1.02828942,1.078319011,1.023397505,1.080493391,1.025354271,1.075212433,1.020462356
2017/5/19,0.9048,1.1688,1.0764,1.080826956,1.016606399,1.075613488,1.011820973,1.077652387,1.013735143,1.072637039,1.008949717,1.074585458,1.010863888,1.06946247,1.006078462,1.071518529,1.007992632,1.066395541,1.003207206,1.068542081,1.005121376,1.063328613,1.00033595
2017/5/20,1.14235,1.1675,1.0739,1.108107801,1.090920283,1.102734848,1.08574861,1.104842442,1.08781728,1.099691114,1.082645607,1.101684473,1.084714276,1.096425755,1.079542603,1.098526504,1.081611272,1.093267786,1.076439599,1.095482771,1.078508268,1.090109818,1.073336595
2017/5/21,1.14235,1.1675,1.0738,1.108090961,1.090890514,1.102718098,1.085718996,1.104825662,1.087787603,1.099674414,1.082616085,1.101667743,1.084684692,1.096409115,1.079513174,1.098509824,1.081581781,1.093251196,1.076410263,1.095466141,1.07847887,1.090093278,1.073307352
2017/5/22,1.1253,1.1629,1.0739,1.102959046,1.08390708,1.097614128,1.078771858,1.099710167,1.080825947,1.094585169,1.075690725,1.096568678,1.077744814,1.09133629,1.072609592,1.093427189,1.074663681,1.088194801,1.069528459,1.090398231,1.071582548,1.085053313,1.066447326
2017/5/23,1.1133,1.18,1.0744,1.113114786,1.086165707,1.107717968,1.081018746,1.109834497,1.083077531,1.104656449,1.07793057,1.106661648,1.079989354,1.10137616,1.074842393,1.103488799,1.076901177,1.098203311,1.071754216,1.100427281,1.073813001,1.095030463,1.06866604
2017/5/24,1.1459,1.1907,1.0718,1.123804106,1.099460972,1.118349358,1.094244909,1.120489867,1.096331334,1.115256889,1.091115271,1.117282808,1.093201696,1.11194265,1.087985633,1.114075749,1.090072058,1.108735591,1.084855995,1.110983281,1.08694242,1.105528533,1.081726357
2017/5/25,0.9008,1.1815,1.0589,1.085950936,1.014525078,1.080711568,1.00975047,1.082761797,1.011660313,1.077718399,1.006885705,1.079678548,1.008795548,1.07452926,1.00402094,1.076595299,1.005930783,1.071446011,1.001156175,1.073602131,1.003066018,1.068362763,0.998291409
2017/5/26,1.1425,1.1814,1.0597,1.115094826,1.09155622,1.109685898,1.086381242,1.111808737,1.088451233,1.106620029,1.083276255,1.108628618,1.085346246,1.10333394,1.080171268,1.105448499,1.082241259,1.100153821,1.077066281,1.102382631,1.079136273,1.096973703,1.073961294
2017/5/27,1.140325,1.17585,1.0569,1.110624283,1.088108572,1.105238823,1.082951513,1.107352399,1.085014337,1.102186661,1.079857278,1.104186206,1.081920101,1.098914778,1.076763042,1.101020012,1.078825866,1.095748584,1.073668807,1.097967851,1.07573163,1.09258239,1.070574571
2017/5/28,1.140325,1.17585,1.0568,1.110607443,1.088078802,1.105222073,1.082921898,1.107335619,1.08498466,1.102169961,1.079827756,1.104169476,1.081890517,1.098898138,1.076733613,1.101003332,1.078796375,1.095731994,1.07363947,1.097951221,1.075702232,1.09256585,1.070545328
2017/5/29,1.140325,1.17585,1.0567,1.110590603,1.088049033,1.105205323,1.082892283,1.107318839,1.084954983,1.102153261,1.079798234,1.104152746,1.081860933,1.098881498,1.076704184,1.100986652,1.078766884,1.095715404,1.073610134,1.097934591,1.075672834,1.09254931,1.070516084
2017/5/30,1.140325,1.17585,1.0566,1.110573763,1.088019263,1.105188573,1.082862669,1.107302059,1.084925307,1.102136561,1.079768712,1.104136016,1.08183135,1.098864858,1.076674755,1.100969972,1.078737393,1.095698814,1.073580798,1.097917961,1.075643436,1.09253277,1.070486841
2017/5/31,1.1428,1.1822,1.0884,1.120502716,1.100472588,1.115064948,1.095251267,1.117197607,1.097339796,1.111982959,1.092118474,1.114001338,1.094207003,1.10867785,1.088985682,1.110805069,1.09107421,1.105481581,1.085852889,1.107723081,1.087941418,1.102285313,1.082720096
2017/6/1,0.912,1.1794,1.0702,1.087787076,1.020721581,1.082537048,1.015914767,1.084591087,1.017837492,1.079539279,1.013030678,1.081502118,1.014953404,1.07634329,1.010146589,1.078413149,1.012069315,1.073254321,1.0072625,1.075415381,1.009185226,1.070165353,1.004378411
2017/6/2,1.1558,1.1712,1.0871,1.114440296,1.100406959,1.109033098,1.095185979,1.111153867,1.097274371,1.105970959,1.092053391,1.107976148,1.094141783,1.10268453,1.088920803,1.104798429,1.091009195,1.099506811,1.085788215,1.101736291,1.087876607,1.096329093,1.082655627
2017/6/3,1.15525,1.1712,1.0794,1.113077451,1.09793988,1.107677568,1.092731723,1.109795862,1.094814986,1.104619444,1.089606828,1.106622213,1.091690091,1.101337855,1.086481934,1.103448564,1.088565197,1.098164206,1.08335704,1.100390441,1.085440302,1.094990558,1.080232145
2017/6/4,1.15525,1.1712,1.0792,1.113043771,1.097880341,1.107644068,1.092672493,1.109762302,1.094755632,1.104586044,1.089547784,1.106588753,1.091630924,1.101304575,1.086423076,1.103415204,1.088506215,1.098131026,1.083298367,1.100357181,1.085381506,1.094957478,1.080173658
2017/6/5,1.1408,1.1779,1.0988,1.119117856,1.101443196,1.113687178,1.09621683,1.115816337,1.098307376,1.110609619,1.09308101,1.112624698,1.095171557,1.1073081,1.089945191,1.109433059,1.092035737,1.104116461,1.086809371,1.106355501,1.088899918,1.100924823,1.083673552
2017/6/6,1.1348,1.2015,1.0973,1.134035696,1.107265481,1.128527968,1.102008854,1.130687917,1.104111504,1.125403399,1.098854877,1.127449868,1.100957528,1.12205562,1.095700901,1.124211819,1.097803552,1.118817571,1.092546925,1.121087251,1.094649575,1.115579523,1.089392948
2017/6/7,1.1496,1.2177,1.1196,1.150480536,1.124220813,1.144885678,1.118876061,1.147079437,1.121013962,1.141711499,1.115669209,1.143790298,1.11780711,1.1383104,1.112462357,1.140501159,1.114600258,1.135021261,1.109255506,1.137326981,1.111393407,1.131732123,1.106048654
2017/6/8,0.9149,1.2235,1.13,1.127903206,1.054723618,1.122442978,1.049740078,1.124577567,1.051733494,1.119321829,1.046749953,1.121364928,1.048743369,1.11599619,1.043759829,1.118152289,1.045753245,1.112783551,1.040769704,1.115031141,1.042763121,1.109570913,1.03777958
2017/6/9,1.1563,1.2176,1.1389,1.154469326,1.132061375,1.148852758,1.126675871,1.151054177,1.128830073,1.145667129,1.123444569,1.147752918,1.12559877,1.14225198,1.120213266,1.144451659,1.122367468,1.138950721,1.116981964,1.141266031,1.119136165,1.135649463,1.113750662
2017/6/10,1.1556,1.2154,1.1322,1.151775356,1.129082141,1.146173008,1.123712122,1.148369127,1.12586013,1.142995559,1.12049011,1.145076118,1.122638118,1.13958933,1.117268099,1.141783109,1.119416107,1.136296321,1.114046087,1.138605661,1.116194095,1.133003313,1.110824075
2017/6/11,1.1556,1.2154,1.1321,1.151758516,1.129052372,1.146156258,1.123682507,1.148352347,1.125830453,1.142978859,1.120460588,1.145059388,1.122608534,1.13957269,1.11723867,1.141766429,1.119386615,1.136279731,1.114016751,1.138589031,1.116164697,1.132986773,1.110794832
2017/6/12,1.1681,1.2326,1.1529,1.168347466,1.145176516,1.162657538,1.139722846,1.164887697,1.141904314,1.159429869,1.136450644,1.161543218,1.138632112,1.1559701,1.133178442,1.158198739,1.13535991,1.152625621,1.12990624,1.154971071,1.132087708,1.149281143,1.126634038
2017/6/13,1.1811,1.2636,1.1441,1.189304846,1.157428697,1.183505238,1.151911347,1.185780057,1.154118287,1.180212969,1.148600936,1.182369678,1.150807877,1.17668818,1.145290526,1.178959299,1.147497466,1.173277801,1.141980115,1.175667031,1.144187056,1.169867423,1.138669705
2017/6/14,1.2187,1.2781,1.1661,1.207297226,1.179838492,1.201400748,1.174204666,1.203713747,1.176458197,1.198055749,1.170824371,1.200246878,1.173077901,1.19447227,1.167444075,1.196780009,1.169697606,1.191005401,1.16406378,1.193435011,1.16631731,1.187538533,1.160683485
2017/6/15,1.1506,1.309,1.3469,1.250359576,1.224885896,1.244239898,1.219017936,1.246629967,1.22136512,1.240760039,1.21549716,1.243035048,1.217844344,1.23703043,1.211976384,1.239440129,1.214323568,1.233435511,1.208455608,1.235960271,1.210802792,1.229840593,1.204934832
2017/6/16,1.0508,1.2944,1.1797,1.200365516,1.13682792,1.194517278,1.131417642,1.196806807,1.133581753,1.191181619,1.128171475,1.193366068,1.130335586,1.18762291,1.124925308,1.189925329,1.127089419,1.184182171,1.121679141,1.186589671,1.123843252,1.180741433,1.118432974
2017/6/17,1.23455,1.2949,1.1762,1.222217941,1.19362706,1.216242478,1.187921568,1.218586782,1.190203765,1.212852394,1.184498273,1.215073243,1.18678047,1.209221235,1.181074978,1.211559704,1.183357175,1.205707696,1.177651683,1.208169621,1.17993388,1.202194158,1.174228388
2017/6/18,1.23455,1.2949,1.1761,1.222201101,1.193596095,1.216225728,1.187890764,1.218570002,1.190172897,1.212835694,1.184467566,1.215056513,1.186749698,1.209204595,1.181044367,1.211543024,1.1833265,1.205691106,1.177621169,1.208152991,1.179903301,1.202177618,1.17419797
2017/6/19,1.1528,1.3108,1.1698,1.222012716,1.171346937,1.216044588,1.165757246,1.218384707,1.167993123,1.212648839,1.162403432,1.214873678,1.164639308,1.20902083,1.159049617,1.211362649,1.161285494,1.205509801,1.155695803,1.207966901,1.157931679,1.201998773,1.152341988
2017/6/20,1.1814,1.2896,1.1743,1.211935016,1.174552127,1.206017018,1.168945777,1.208337387,1.171188317,1.202654959,1.165581967,1.204857188,1.167824507,1.19905733,1.162218157,1.201376989,1.164460697,1.195577131,1.158854347,1.198014931,1.161096887,1.192096933,1.155490537
2017/6/21,1.2346,1.2909,1.1887,1.221635356,1.196160326,1.215662608,1.190441668,1.218005077,1.192729131,1.212274659,1.187010473,1.214493668,1.189297936,1.20864438,1.183579278,1.210982259,1.185866741,1.205132971,1.180148082,1.207594311,1.182435546,1.201621563,1.176716887
2017/6/22,1.1014,1.2904,1.1547,1.199549096,1.14362653,1.193701938,1.138180916,1.195993547,1.140359161,1.190371999,1.134913548,1.192553468,1.137091793,1.18681645,1.131646179,1.189113389,1.133824425,1.183376371,1.128378811,1.185783451,1.130557056,1.179936293,1.125111443
2017/6/23,1.1022,1.2837,1.1834,1.199966636,1.150498367,1.194116538,1.145017036,1.196407617,1.147209568,1.190786079,1.141728238,1.192966938,1.14392077,1.18722706,1.13843944,1.189526259,1.140631972,1.183786381,1.135150642,1.186195801,1.137343174,1.180345703,1.131861843
2017/6/24,1.23035,1.2838,1.1765,1.214288461,1.188646069,1.208354518,1.182966466,1.210682112,1.185238307,1.204988854,1.179558704,1.207193413,1.181830546,1.201382505,1.176150942,1.203704714,1.178422784,1.197893806,1.17274318,1.200339051,1.175015022,1.194405108,1.169335418
2017/6/25,1.23035,1.2838,1.1764,1.214271621,1.188615104,1.208337768,1.182935662,1.210665332,1.185207439,1.204972154,1.179527997,1.207176683,1.181799774,1.201365865,1.176120331,1.203688034,1.178392108,1.197877216,1.172712666,1.200322421,1.174984443,1.194388568,1.169305001
2017/6/26,1.1505,1.2917,1.1827,1.211046446,1.168158191,1.205135168,1.162585074,1.207451727,1.164814321,1.201773769,1.159241204,1.203975278,1.161470451,1.19817905,1.155897333,1.200498829,1.15812658,1.194702601,1.152553463,1.197137431,1.15478271,1.191226153,1.149209592
2017/6/27,1.2218,1.2943,1.181,1.221088396,1.190905788,1.215119638,1.18521444,1.217460717,1.187490979,1.211732239,1.181799631,1.213951138,1.18407617,1.20810456,1.178384822,1.210441559,1.180661361,1.204594981,1.174970013,1.207054161,1.177246552,1.201085403,1.171555204
2017/6/28,1.2365,1.3033,1.1884,1.230163566,1.200858655,1.224146358,1.195115576,1.226506667,1.197412808,1.220731949,1.19166973,1.222968608,1.193966961,1.21707505,1.188223883,1.219430549,1.190521114,1.213536991,1.184778036,1.216016141,1.187075267,1.209998933,1.181332189
2017/6/29,1.1023,1.2991,1.1913,1.211679386,1.158185244,1.205768208,1.152663961,1.208083247,1.154872474,1.202401429,1.149351191,1.204606238,1.151559704,1.19880529,1.146038422,1.201129229,1.148246935,1.195328281,1.142725652,1.197762451,1.144934165,1.191851273,1.139412882
2017/6/30,1.1009,1.2961,1.1399,1.200835006,1.140814777,1.194981568,1.135383778,1.197276567,1.137556177,1.191647209,1.132125178,1.193832118,1.134297578,1.18808877,1.128866578,1.190387669,1.131038978,1.184644321,1.125607978,1.187053311,1.127780378,1.181199873,1.122349378
2017/7/1,1.19775,1.2963,1.1419,1.212957541,1.171921209,1.207033808,1.166328533,1.209358742,1.168565603,1.203668974,1.162972928,1.205874133,1.165209998,1.200070175,1.159617322,1.202389524,1.161854393,1.196585566,1.156261717,1.199024691,1.158498787,1.193100958,1.152906111
2017/7/2,1.19775,1.2963,1.1418,1.212940701,1.171890244,1.207017058,1.166297729,1.209341962,1.168534735,1.203652274,1.16294222,1.205857403,1.165179226,1.200053535,1.159586711,1.202372844,1.161823717,1.196568976,1.156231203,1.199008061,1.158468209,1.193084418,1.152875694
2017/7/3,1.1037,1.2929,1.1564,1.201795566,1.145720993,1.195936518,1.140264493,1.198232827,1.142447093,1.192599789,1.136990593,1.194785728,1.139173193,1.18903705,1.133716693,1.191338629,1.135899293,1.185589951,1.130442793,1.188001901,1.132625393,1.182142853,1.127168893
2017/7/4,1.1532,1.2634,1.1471,1.186318996,1.148409901,1.180536918,1.142939425,1.182803987,1.145127616,1.177251939,1.13965714,1.179403688,1.14184533,1.17373693,1.136374855,1.176003389,1.138563045,1.170336631,1.133092569,1.172718411,1.13528076,1.166936333,1.129810284
2017/7/5,1.1319,1.2377,1.1516,1.167208026,1.134419889,1.161526758,1.129022126,1.163752807,1.131181231,1.158299889,1.125783469,1.160412748,1.127942574,1.15484467,1.122544811,1.157072689,1.124703916,1.151504611,1.119306154,1.153845821,1.121465259,1.148164553,1.116067496
2017/7/6,1.1799,1.26,1.1546,1.188504446,1.157968341,1.182708828,1.152448186,1.184981397,1.154656248,1.179419229,1.149136092,1.181573808,1.151344154,1.17589618,1.145823999,1.178166219,1.148032061,1.172488591,1.142511906,1.174876621,1.144719968,1.169081003,1.139199812
2017/7/7,1.1943,1.2615,1.1829,1.196012586,1.171761676,1.190176168,1.166169829,1.192463647,1.168406568,1.186864949,1.162814721,1.189032998,1.16505146,1.18331601,1.159459613,1.185602349,1.161696352,1.179885361,1.156104505,1.182291131,1.158341244,1.176454713,1.152749397
2017/7/8,1.14975,1.26165,1.1832,1.190804751,1.157912662,1.184998723,1.152392796,1.187273137,1.154600743,1.181700404,1.149080877,1.183859843,1.151288823,1.17816879,1.145768957,1.180446549,1.147976903,1.174755496,1.142457037,1.177148231,1.144664984,1.171342203,1.139145117
2017/7/9,1.14975,1.26165,1.1831,1.190787911,1.157881697,1.184981973,1.152361992,1.187256357,1.154569874,1.181683704,1.149050169,1.183843113,1.151258051,1.17815215,1.145738346,1.180429869,1.147946228,1.174738906,1.142426523,1.177131601,1.144634405,1.171325663,1.1391147
2017/7/10,1.1578,1.2606,1.1821,1.190880856,1.159745286,1.185073858,1.154215895,1.187348887,1.156427651,1.181775879,1.15089826,1.183935128,1.153110017,1.17824391,1.147580625,1.180521369,1.149792382,1.174830151,1.144262991,1.177223391,1.146474747,1.171416393,1.140945356
2017/7/11,1.1331,1.2498,1.1786,1.180047326,1.147250292,1.174298568,1.141785843,1.176550017,1.143971623,1.171032429,1.138507174,1.173170568,1.140692954,1.16753512,1.135228505,1.169791119,1.137414285,1.164155671,1.131949836,1.166524981,1.134135616,1.160776223,1.128671167
2017/7/12,1.1409,1.2492,1.1556,1.176708426,1.142655834,1.170977008,1.137215265,1.173223057,1.139391493,1.167721289,1.133950924,1.169853248,1.136127152,1.16423592,1.130686583,1.166483439,1.13286281,1.160866111,1.127422242,1.163227721,1.129598469,1.157496303,1.1241579
2017/7/13,1.1386,1.2779,1.1389,1.192946036,1.146500414,1.187130808,1.141039863,1.189411337,1.143224083,1.183823859,1.137763532,1.185990528,1.139947752,1.18028916,1.134487201,1.182569719,1.136671422,1.176868351,1.131210871,1.179262771,1.133395091,1.173447543,1.12793454
2017/7/14,1.1453,1.2821,1.1402,1.196799246,1.150407894,1.190963458,1.144927034,1.193252267,1.147119378,1.187645029,1.141638518,1.189819308,1.143830862,1.18409805,1.138350002,1.186386349,1.140542346,1.180665091,1.135061486,1.183067921,1.13725383,1.177232133,1.13177297
2017/7/15,1.14375,1.2822,1.1834,1.203955001,1.163456383,1.198081068,1.157907703,1.200382512,1.160127175,1.194741294,1.154578496,1.196928363,1.156797968,1.191168805,1.151249288,1.193474214,1.15346876,1.187714656,1.14792008,1.190134441,1.150139552,1.184260508,1.144590872
2017/7/16,1.14375,1.2822,1.1833,1.203938161,1.163425148,1.198064318,1.157876631,1.200365732,1.160096037,1.194724594,1.15454752,1.196911633,1.156766927,1.191152165,1.15121841,1.193457534,1.153437817,1.187698066,1.147889299,1.190117811,1.150108706,1.184243968,1.144560189
2017/7/17,1.1442,1.3014,1.1541,1.212004296,1.160980896,1.206089218,1.155445083,1.208408887,1.157659408,1.202723639,1.152123595,1.204928888,1.15433792,1.19912823,1.148802107,1.201448889,1.151016432,1.195648231,1.145480619,1.198083311,1.147694944,1.192168233,1.142159131
2017/7/18,1.1417,1.2722,1.144,1.190339426,1.147111044,1.184537388,1.141647319,1.186812397,1.143832809,1.181238929,1.138369085,1.183399768,1.140554574,1.1777119,1.13509085,1.179987139,1.13727634,1.174299271,1.131812615,1.176688681,1.133998105,1.170886643,1.12853438
2017/7/19,1.1517,1.2789,1.1341,1.194387046,1.14939162,1.188563468,1.143916042,1.190847887,1.146106274,1.185252889,1.140630695,1.187422138,1.142820927,1.18171373,1.137345349,1.183996389,1.13953558,1.178287981,1.134060002,1.180685811,1.136250233,1.174862233,1.130774655
2017/7/20,1.1705,1.2812,1.135,1.198349066,1.15626809,1.192503468,1.150756771,1.194797017,1.152961298,1.189181969,1.14744998,1.191358468,1.149654507,1.18562992,1.144143189,1.187919919,1.146347716,1.182191371,1.140836398,1.184598421,1.143040925,1.178752823,1.137529607
2017/7/21,1.1547,1.2887,1.1595,1.205624626,1.161589626,1.199741788,1.156050649,1.202048447,1.15826624,1.196397029,1.152727263,1.198588218,1.154942854,1.19282085,1.149403877,1.195127989,1.151619467,1.189360621,1.14608049,1.191783231,1.148296081,1.185900393,1.142757104
2017/7/22,1.15295,1.2889,1.1559,1.204942541,1.159992221,1.199063468,1.154461546,1.201368802,1.156673816,1.195720614,1.151143142,1.197910653,1.153355411,1.192146875,1.147824737,1.194452504,1.150037007,1.188688726,1.144506332,1.191109651,1.146718602,1.185230578,1.141187927
2017/7/23,1.15295,1.2889,1.1558,1.204925701,1.159960986,1.199046718,1.154430473,1.201352022,1.156642678,1.195703914,1.151112166,1.197893923,1.153324371,1.192130235,1.147793859,1.194435824,1.150006064,1.188672136,1.144475551,1.191093021,1.146687756,1.185214038,1.141157244
2017/7/24,1.1535,1.2856,1.1516,1.202062366,1.15769554,1.196198328,1.152176802,1.198497917,1.154384297,1.192864389,1.148865559,1.195048628,1.151073054,1.18929994,1.145554317,1.191599339,1.147761812,1.185850651,1.142243074,1.188265401,1.144450569,1.182401363,1.138931832
2017/7/25,1.1484,1.2969,1.1385,1.206852216,1.155874484,1.200963988,1.150365212,1.203273937,1.152568921,1.197614399,1.147059648,1.199809508,1.149263357,1.19403612,1.143754084,1.196345079,1.145957793,1.190571691,1.140448521,1.192995491,1.14265223,1.187107263,1.137142957
2017/7/26,1.1591,1.2885,1.1435,1.203324866,1.157884195,1.197454048,1.152364476,1.199756947,1.154572364,1.194116389,1.149052646,1.196303378,1.151260533,1.19054847,1.145740815,1.192849809,1.147948702,1.187094901,1.142428984,1.189512151,1.144636871,1.183641333,1.139117153
2017/7/27,1.1525,1.2902,1.1296,1.201334906,1.152080851,1.195475268,1.146591296,1.197774397,1.148787118,1.192142969,1.143297563,1.194326848,1.145493385,1.18858246,1.14000383,1.190879299,1.142199652,1.185134911,1.136710097,1.187547001,1.138905919,1.181687363,1.133416363
2017/7/28,1.1511,1.2829,1.137,1.197496826,1.15147389,1.191657058,1.145987489,1.193947767,1.148182049,1.188336809,1.142695649,1.190512408,1.144890209,1.18478775,1.139403808,1.187077049,1.141598369,1.181352391,1.136111968,1.183756801,1.138306528,1.177917033,1.132820128
2017/7/29,1.1499,1.28315,1.1359,1.197335576,1.150844429,1.191496763,1.1453613,1.193787132,1.147554552,1.188176899,1.142071423,1.190352278,1.144264675,1.184628455,1.138781546,1.186917424,1.140974797,1.181193601,1.135491668,1.183597561,1.13768492,1.177758748,1.132201791
2017/7/30,1.1499,1.28315,1.1358,1.197318736,1.150813194,1.191480013,1.145330228,1.193770352,1.147523414,1.188160199,1.142040448,1.190335548,1.144233634,1.184611815,1.138750668,1.186900744,1.140943854,1.181177011,1.135460888,1.183580931,1.137654074,1.177742208,1.132171108
2017/7/31,1.1549,1.2581,1.1325,1.180495846,1.142799068,1.174744268,1.137357754,1.177000047,1.13953428,1.171477209,1.134092967,1.173617498,1.136269492,1.16798141,1.130828179,1.170234949,1.133004704,1.164598861,1.127563391,1.166967891,1.129739916,1.161216313,1.124298603
2017/8/1,1.1424,1.2692,1.1227,1.184816516,1.139652885,1.179043658,1.134227924,1.181308287,1.136397909,1.175761939,1.130972948,1.177912328,1.133142932,1.17225371,1.127717971,1.174516369,1.129887956,1.168857751,1.124462995,1.171234651,1.126632979,1.165461793,1.121208018
2017/8/2,1.155,1.2748,1.1251,1.190507496,1.146204686,1.184704058,1.140745672,1.186981027,1.142929278,1.181405599,1.137470264,1.183567068,1.139653869,1.17787913,1.134194855,1.180153109,1.136378461,1.174465171,1.130919447,1.176854651,1.133103053,1.171051213,1.127644039
2017/8/3,1.155,1.2822,1.1271,1.195827456,1.149348987,1.189996318,1.14387363,1.192284247,1.146063773,1.186681319,1.140588416,1.188853748,1.142778559,1.18313811,1.137303202,1.185423249,1.139493345,1.179707611,1.134017989,1.182108251,1.136208131,1.176277113,1.130732775
2017/8/4,1.0506,1.2793,1.1351,1.182662476,1.11858395,1.176907368,1.113268495,1.179162317,1.115394677,1.173625779,1.110079222,1.175775668,1.112205404,1.17012562,1.106889949,1.172389019,1.109016131,1.166738971,1.103700676,1.169107431,1.105826858,1.163352323,1.100511403
2017/8/5,1.1551,1.2794,1.1321,1.194795966,1.149988306,1.188970058,1.144509627,1.191255597,1.146701099,1.185658409,1.14122242,1.187828438,1.143413891,1.18211804,1.137935212,1.184401279,1.140126684,1.178690881,1.134648004,1.181089631,1.136839476,1.175263723,1.131360797
2017/8/6,1.1551,1.2794,1.132,1.194779126,1.149957071,1.188953308,1.144478554,1.191238817,1.146669961,1.185641709,1.141191444,1.187811708,1.143382851,1.1821014,1.137904334,1.184384599,1.140095741,1.178674291,1.134617224,1.181073001,1.13680863,1.175247183,1.131330113
2017/8/7,1.1241,1.2712,1.1328,1.185662666,1.137830966,1.179886528,1.132415475,1.182151497,1.134581671,1.176601049,1.12916618,1.178753608,1.131332377,1.17308988,1.125916885,1.175355719,1.128083082,1.169691991,1.12266759,1.172070241,1.124833787,1.166294103,1.119418295
2017/8/8,1.1204,1.2712,1.1381,1.186110076,1.138342539,1.180331758,1.132924389,1.182597207,1.135091649,1.177044739,1.129673498,1.179198148,1.131840759,1.17353187,1.126422608,1.175799089,1.128589868,1.170132811,1.123171718,1.172512071,1.125338978,1.166733753,1.119920828
2017/8/9,1.1273,1.2716,1.1187,1.183942546,1.134552303,1.178175458,1.129153852,1.180437717,1.131313232,1.174895229,1.125914782,1.177044758,1.128074162,1.1713904,1.122675711,1.173651799,1.124835092,1.167997441,1.119436641,1.170371571,1.121596021,1.164604483,1.116197571
2017/8/10,1.0887,1.2552,1.1171,1.167985766,1.116534941,1.162304538,1.111230136,1.164531777,1.113352058,1.159071129,1.108047253,1.161189498,1.110169175,1.15561714,1.104864369,1.157847219,1.106986291,1.152274861,1.101681486,1.154613811,1.103803408,1.148932583,1.098498603
2017/8/11,1.1253,1.2444,1.1356,1.168231426,1.129951528,1.162545728,1.12457699,1.164774377,1.126726806,1.159314769,1.121352267,1.161430888,1.123502083,1.15585772,1.118127545,1.158087399,1.12027736,1.152514231,1.114902822,1.154856441,1.117052637,1.149170743,1.111678099
2017/8/12,1.12335,1.24225,1.1391,1.167138431,1.129709854,1.161458473,1.124336572,1.163684577,1.126485885,1.158230864,1.121112603,1.160344633,1.123261916,1.15477701,1.117888634,1.157004689,1.120037946,1.151437066,1.114664665,1.153777081,1.116813977,1.148097123,1.111440695
2017/8/13,1.12335,1.24225,1.139,1.167121591,1.129678619,1.161441723,1.124305499,1.163667797,1.126454747,1.158214164,1.121081627,1.160327903,1.123230875,1.15476037,1.117857756,1.156988009,1.120007003,1.151420476,1.114633884,1.153760451,1.116783132,1.148080583,1.111410012
2017/8/14,1.1284,1.2606,1.1165,1.176296996,1.13045986,1.170569618,1.12508268,1.172816147,1.127233552,1.167313259,1.121856372,1.169446948,1.124007244,1.16383241,1.118630064,1.166077749,1.120780936,1.160463211,1.115403756,1.162821391,1.117554628,1.157094013,1.112177448
2017/8/15,1.094,1.2092,1.1175,1.137714316,1.102636091,1.132190018,1.097403525,1.134354567,1.099496551,1.129051419,1.094263985,1.131106568,1.096357012,1.12569167,1.091124446,1.127858569,1.093217472,1.122443671,1.087984906,1.124719971,1.090077932,1.119195673,1.084845367
2017/8/16,1.1071,1.2006,1.1133,1.132791726,1.102853952,1.127292138,1.097620253,1.129447317,1.099713733,1.124169769,1.094480034,1.126214238,1.096573514,1.12082536,1.091339815,1.122981159,1.093433295,1.117592281,1.088199596,1.119858791,1.090293076,1.114359203,1.085059378
2017/8/17,1.0925,1.2036,1.1197,1.134133306,1.101359165,1.128627678,1.096133236,1.130784597,1.098223608,1.125500189,1.092997678,1.127547858,1.09508805,1.12215148,1.089862121,1.124311119,1.091952493,1.118914741,1.086726564,1.121183631,1.088816935,1.115678003,1.083591006
2017/8/18,1.1083,1.2074,1.1116,1.137228926,1.105046599,1.131706228,1.099801505,1.133870777,1.101899543,1.128570069,1.096654448,1.130623788,1.098752486,1.12521192,1.093507391,1.127376799,1.095605429,1.121964931,1.090360335,1.124240641,1.092458373,1.118717943,1.087213278
2017/8/19,1.10145,1.20665,1.1108,1.135765101,1.102427913,1.130250543,1.097196429,1.132411747,1.099289023,1.127118414,1.094057539,1.129169473,1.096150132,1.12376506,1.090918648,1.125927199,1.093011242,1.120522786,1.087779758,1.122795071,1.089872352,1.117280513,1.084640868
2017/8/20,1.10145,1.20665,1.1107,1.135748261,1.102397073,1.130233793,1.097165749,1.132394967,1.099258279,1.127101714,1.094026955,1.129152743,1.096119484,1.12374842,1.090888161,1.125910519,1.09298069,1.120506196,1.087749367,1.122778441,1.089841896,1.117263973,1.084610572
2017/8/21,1.1007,1.2136,1.1214,1.142140046,1.107864141,1.136592148,1.102604403,1.138766037,1.104708298,1.133440349,1.099448559,1.135504168,1.101552455,1.13006634,1.096292716,1.132242299,1.098396612,1.126804471,1.093136873,1.129090501,1.095240768,1.123542603,1.08998103
2017/8/22,1.087,1.3945,1.1055,1.259632436,1.161164722,1.253475288,1.155627953,1.255893557,1.15784266,1.249955659,1.152305892,1.252265228,1.154520599,1.24621678,1.14898383,1.248636899,1.151198538,1.242588451,1.145661769,1.245117271,1.147876477,1.238960123,1.142339708
2017/8/23,1.1026,1.2101,1.1094,1.137990916,1.103541538,1.132464738,1.098304266,1.134630697,1.100399175,1.129325719,1.095161903,1.131381418,1.097256812,1.1259655,1.09201954,1.128132139,1.094114449,1.122716221,1.088877177,1.124993121,1.090972085,1.119466943,1.085734813
2017/8/24,1.1152,1.2023,1.1029,1.133159576,1.102731982,1.127657728,1.097498918,1.129814597,1.099592144,1.124534559,1.094359079,1.126579908,1.096452305,1.12118958,1.091219241,1.123345219,1.093312467,1.117954891,1.088079402,1.120222051,1.090172628,1.114720203,1.084939564
2017/8/25,1.1097,1.2179,1.1295,1.147482406,1.11462256,1.141905868,1.109327694,1.144090907,1.11144564,1.138738289,1.106150775,1.140812358,1.108268721,1.13534679,1.102973855,1.137533809,1.105091802,1.132068241,1.099796936,1.134366231,1.101914882,1.128789693,1.096620017
2017/8/26,1.1252,1.2159,1.1295,1.148000256,1.118713876,1.142419868,1.113397746,1.144606757,1.115524198,1.139251839,1.110208068,1.141326208,1.11233452,1.13585834,1.10701839,1.138045659,1.109144842,1.132577791,1.103828711,1.134877631,1.105955164,1.129297243,1.100639033
2017/8/27,1.1252,1.2159,1.1294,1.147983416,1.118683036,1.142403118,1.113367066,1.144589977,1.115493454,1.139235139,1.110177484,1.141309478,1.112303872,1.1358417,1.106987902,1.138028979,1.10911429,1.132561201,1.10379832,1.134861001,1.105924708,1.129280703,1.100608738
2017/8/28,1.0797,1.2207,1.1249,1.144984286,1.104915625,1.139423088,1.099671211,1.141601667,1.101768977,1.136260929,1.096524563,1.138331538,1.098622328,1.13287831,1.093377915,1.135061409,1.09547568,1.129608181,1.090231266,1.131899251,1.092329032,1.126338053,1.087084618
2017/8/29,1.1183,1.2091,1.1178,1.140620786,1.110630251,1.135079558,1.105356135,1.137251347,1.107465781,1.131933729,1.102191666,1.133993688,1.104301312,1.12856429,1.099027196,1.130736029,1.101136843,1.125306631,1.095862727,1.127590201,1.097972373,1.122048973,1.092698258
2017/8/30,1.0714,1.21,1.1185,1.135702656,1.096688727,1.130190478,1.091487072,1.132349667,1.093567734,1.127056479,1.08836608,1.129108528,1.090446741,1.12370349,1.085245087,1.125867389,1.087325749,1.120462351,1.082124094,1.122733391,1.084204756,1.117221213,1.079003102
2017/8/31,1.0807,1.2192,1.1106,,,,,,,,,,,,,,,,,,,,
2017/9/1,1.1101,1.2172,1.1359,,,,,,,,,,,,,,,,,,,,
2017/9/2,1.14845,1.21155,1.1345,,,,,,,,,,,,,,,,,,,,
2017/9/3,1.14845,1.21155,1.1344,,,,,,,,,,,,,,,,,,,,
2017/9/4,1.0804,1.261,1.1401,,,,,,,,,,,,,,,,,,,,
2017/9/5,1.1227,1.2021,1.1375,,,,,,,,,,,,,,,,,,,,
2017/9/6,1.0806,1.2105,1.1421,,,,,,,,,,,,,,,,,,,,
2017/9/7,1.0924,1.2012,1.1455,,,,,,,,,,,,,,,,,,,,
2017/9/8,1.0814,1.1952,1.1432,,,,,,,,,,,,,,,,,,,,
2017/9/9,1.1143,1.1894,1.1417,,,,,,,,,,,,,,,,,,,,
2017/9/10,1.1143,1.1894,1.1416,,,,,,,,,,,,,,,,,,,,
2017/9/11,1.1,1.2049,1.1447,,,,,,,,,,,,,,,,,,,,
2017/9/12,1.1268,1.2071,1.154,,,,,,,,,,,,,,,,,,,,
2017/9/13,1.1644,1.2106,1.1279,,,,,,,,,,,,,,,,,,,,
