用户,日期,基金代码,配置比例,基金名称
1,2017-07-01,000665,1,博时现金收益货币B
1,2017-08-18,001308,1,博时外服货币
2,2017-07-01,000665,1,博时现金收益货币B
2,2017-08-18,001308,1,博时外服货币
3,2017-07-01,000665,1,博时现金收益货币B
3,2017-08-18,001308,1,博时外服货币
4,2017-07-01,000665,1,博时现金收益货币B
4,2017-08-18,001308,1,博时外服货币
5,2017-07-01,000665,1,博时现金收益货币B
5,2017-08-18,001308,1,博时外服货币
6,2017-07-01,000665,1,博时现金收益货币B
6,2017-08-18,001308,1,博时外服货币
7,2017-07-01,001215,0.0816,博时沪港深优质企业混合A
7,2017-07-01,002555,0.0815,博时沪港深优质企业混合C
7,2017-07-01,050012,0.0156,博时策略配置混合
7,2017-07-01,050025,0.148,博时标普500ETF联接QDII
7,2017-07-01,050027,0.5512,博时信用债纯债债券A
7,2017-07-01,159908,0.0652,博时深证基本面200ETF
7,2017-07-01,159937,0.057,博时黄金ETF
8,2017-07-01,001215,0.1016,博时沪港深优质企业混合A
8,2017-07-01,002555,0.1014,博时沪港深优质企业混合C
8,2017-07-01,050012,0.021,博时策略配置混合
8,2017-07-01,050025,0.2592,博时标普500ETF联接QDII
8,2017-07-01,050027,0.3313,博时信用债纯债债券A
8,2017-07-01,159908,0.0947,博时深证基本面200ETF
8,2017-07-01,159937,0.0907,博时黄金ETF
8,2017-10-20,001215,0.0404,博时沪港深优质企业混合A
8,2017-10-20,002555,0.1115,博时沪港深优质企业混合C
8,2017-10-20,050012,0.0208,博时策略配置混合
8,2017-10-20,050025,0.2655,博时标普500ETF联接QDII
8,2017-10-20,050027,0.3298,博时信用债纯债债券A
8,2017-10-20,159937,0.0478,博时黄金ETF
8,2017-10-20,001243,0.0502,博时中证淘金大数据100I
8,2017-10-20,050002,0.0669,博时沪深300指数A
8,2017-10-20,510020,0.0672,博时上证超大盘ETF
9,2017-07-01,001215,0.1016,博时沪港深优质企业混合A
9,2017-07-01,002555,0.1014,博时沪港深优质企业混合C
9,2017-07-01,050012,0.021,博时策略配置混合
9,2017-07-01,050025,0.2592,博时标普500ETF联接QDII
9,2017-07-01,050027,0.3313,博时信用债纯债债券A
9,2017-07-01,159908,0.0947,博时深证基本面200ETF
9,2017-07-01,159937,0.0907,博时黄金ETF
9,2017-10-20,001215,0.0404,博时沪港深优质企业混合A
9,2017-10-20,002555,0.1115,博时沪港深优质企业混合C
9,2017-10-20,050012,0.0208,博时策略配置混合
9,2017-10-20,050025,0.2655,博时标普500ETF联接QDII
9,2017-10-20,050027,0.3298,博时信用债纯债债券A
9,2017-10-20,159937,0.0478,博时黄金ETF
9,2017-10-20,001243,0.0502,博时中证淘金大数据100I
9,2017-10-20,050002,0.0669,博时沪深300指数A
9,2017-10-20,510020,0.0672,博时上证超大盘ETF
10,2017-07-01,001215,0.0816,博时沪港深优质企业混合A
10,2017-07-01,002555,0.0815,博时沪港深优质企业混合C
10,2017-07-01,050012,0.0156,博时策略配置混合
10,2017-07-01,050025,0.148,博时标普500ETF联接QDII
10,2017-07-01,050027,0.5512,博时信用债纯债债券A
10,2017-07-01,159908,0.0652,博时深证基本面200ETF
10,2017-07-01,159937,0.057,博时黄金ETF
11,2017-07-01,001215,0.0816,博时沪港深优质企业混合A
11,2017-07-01,002555,0.0815,博时沪港深优质企业混合C
11,2017-07-01,050012,0.0156,博时策略配置混合
11,2017-07-01,050025,0.148,博时标普500ETF联接QDII
11,2017-07-01,050027,0.5512,博时信用债纯债债券A
11,2017-07-01,159908,0.0652,博时深证基本面200ETF
11,2017-07-01,159937,0.057,博时黄金ETF
12,2017-07-01,001215,0.0816,博时沪港深优质企业混合A
12,2017-07-01,002555,0.0815,博时沪港深优质企业混合C
12,2017-07-01,050012,0.0156,博时策略配置混合
12,2017-07-01,050025,0.148,博时标普500ETF联接QDII
12,2017-07-01,050027,0.5512,博时信用债纯债债券A
12,2017-07-01,159908,0.0652,博时深证基本面200ETF
12,2017-07-01,159937,0.057,博时黄金ETF
13,2017-07-01,001215,0.0564,博时沪港深优质企业混合A
13,2017-07-01,002555,0.0563,博时沪港深优质企业混合C
13,2017-07-01,050012,0.0067,博时策略配置混合
13,2017-07-01,050025,0.0507,博时标普500ETF联接QDII
13,2017-07-01,050027,0.7709,博时信用债纯债债券A
13,2017-07-01,159908,0.0309,博时深证基本面200ETF
13,2017-07-01,159937,0.0282,博时黄金ETF
14,2017-07-01,001215,0.1016,博时沪港深优质企业混合A
14,2017-07-01,002555,0.1014,博时沪港深优质企业混合C
14,2017-07-01,050012,0.021,博时策略配置混合
14,2017-07-01,050025,0.2592,博时标普500ETF联接QDII
14,2017-07-01,050027,0.3313,博时信用债纯债债券A
14,2017-07-01,159908,0.0947,博时深证基本面200ETF
14,2017-07-01,159937,0.0907,博时黄金ETF
14,2017-10-20,001215,0.0404,博时沪港深优质企业混合A
14,2017-10-20,002555,0.1115,博时沪港深优质企业混合C
14,2017-10-20,050012,0.0208,博时策略配置混合
14,2017-10-20,050025,0.2655,博时标普500ETF联接QDII
14,2017-10-20,050027,0.3298,博时信用债纯债债券A
14,2017-10-20,159937,0.0478,博时黄金ETF
14,2017-10-20,001243,0.0502,博时中证淘金大数据100I
14,2017-10-20,050002,0.0669,博时沪深300指数A
14,2017-10-20,510020,0.0672,博时上证超大盘ETF
15,2017-07-01,001215,0.0816,博时沪港深优质企业混合A
15,2017-07-01,002555,0.0815,博时沪港深优质企业混合C
15,2017-07-01,050012,0.0156,博时策略配置混合
15,2017-07-01,050025,0.148,博时标普500ETF联接QDII
15,2017-07-01,050027,0.5512,博时信用债纯债债券A
15,2017-07-01,159908,0.0652,博时深证基本面200ETF
15,2017-07-01,159937,0.057,博时黄金ETF
16,2017-07-01,000665,1,博时现金收益货币B
16,2017-08-18,001308,1,博时外服货币
17,2017-07-01,001215,0.1127,博时沪港深优质企业混合A
17,2017-07-01,050012,0.0067,博时策略配置混合
17,2017-07-01,050025,0.0507,博时标普500ETF联接QDII
17,2017-07-01,050027,0.7709,博时信用债纯债债券A
17,2017-07-01,159908,0.0309,博时深证基本面200ETF
17,2017-07-01,159937,0.0282,博时黄金ETF
18,2017-07-01,001215,0.2828,博时沪港深优质企业混合A
18,2017-07-01,050012,0.0295,博时策略配置混合
18,2017-07-01,050025,0.3785,博时标普500ETF联接QDII
18,2017-07-01,159908,0.1678,博时深证基本面200ETF
18,2017-07-01,159937,0.1414,博时黄金ETF
18,2017-10-20,001215,0.2249,博时沪港深优质企业混合A
18,2017-10-20,050012,0.0286,博时策略配置混合
18,2017-10-20,050025,0.3838,博时标普500ETF联接QDII
18,2017-10-20,159937,0.0719,博时黄金ETF
18,2017-10-20,001243,0.0745,博时中证淘金大数据100I
18,2017-10-20,510020,0.2163,博时上证超大盘ETF
19,2017-07-01,001215,0.1635,博时沪港深优质企业混合A
19,2017-07-01,050012,0.0154,博时策略配置混合
19,2017-07-01,050025,0.148,博时标普500ETF联接QDII
19,2017-07-01,050027,0.5513,博时信用债纯债债券A
19,2017-07-01,159908,0.0651,博时深证基本面200ETF
19,2017-07-01,159937,0.0568,博时黄金ETF
20,2017-07-01,001215,0.1734,博时沪港深优质企业混合A
20,2017-07-01,050012,0.0272,博时策略配置混合
20,2017-07-01,050013,0.0767,博时上证超大盘ETF联接
20,2017-07-01,050025,0.1598,博时标普500ETF联接QDII
20,2017-07-01,050027,0.5628,博时信用债纯债债券A
21,2017-07-01,001215,0.1414,博时沪港深优质企业混合A
21,2017-07-01,050013,0.0591,博时上证超大盘ETF联接
21,2017-07-01,050027,0.7995,博时信用债纯债债券A
22,2017-07-01,001215,0.118,博时沪港深优质企业混合A
22,2017-07-01,050012,0.0126,博时策略配置混合
22,2017-07-01,050013,0.0363,博时上证超大盘ETF联接
22,2017-07-01,050025,0.0564,博时标普500ETF联接QDII
22,2017-07-01,050027,0.7766,博时信用债纯债债券A
23,2017-07-01,001215,0.2028,博时沪港深优质企业混合A
23,2017-07-01,050012,0.0211,博时策略配置混合
23,2017-07-01,050025,0.2592,博时标普500ETF联接QDII
23,2017-07-01,050027,0.3314,博时信用债纯债债券A
23,2017-07-01,159908,0.0947,博时深证基本面200ETF
23,2017-07-01,159937,0.0908,博时黄金ETF
23,2017-10-20,001215,0.1518,博时沪港深优质企业混合A
23,2017-10-20,050012,0.0209,博时策略配置混合
23,2017-10-20,050025,0.2655,博时标普500ETF联接QDII
23,2017-10-20,050027,0.3296,博时信用债纯债债券A
23,2017-10-20,159937,0.048,博时黄金ETF
23,2017-10-20,001243,0.0501,博时中证淘金大数据100I
23,2017-10-20,510020,0.1343,博时上证超大盘ETF
24,2017-07-01,001215,0.283,博时沪港深优质企业混合A
24,2017-07-01,050012,0.0295,博时策略配置混合
24,2017-07-01,050025,0.3784,博时标普500ETF联接QDII
24,2017-07-01,159908,0.1678,博时深证基本面200ETF
24,2017-07-01,159937,0.1413,博时黄金ETF
24,2017-10-20,001215,0.225,博时沪港深优质企业混合A
24,2017-10-20,050012,0.0286,博时策略配置混合
24,2017-10-20,050025,0.3841,博时标普500ETF联接QDII
24,2017-10-20,159937,0.072,博时黄金ETF
24,2017-10-20,001243,0.0745,博时中证淘金大数据100I
24,2017-10-20,050002,0.1077,博时沪深300指数A
24,2017-10-20,510020,0.1082,博时上证超大盘ETF
25,2017-07-01,001215,0.0816,博时沪港深优质企业混合A
25,2017-07-01,002555,0.0815,博时沪港深优质企业混合C
25,2017-07-01,050012,0.0156,博时策略配置混合
25,2017-07-01,050025,0.148,博时标普500ETF联接QDII
25,2017-07-01,050027,0.5512,博时信用债纯债债券A
25,2017-07-01,159908,0.0652,博时深证基本面200ETF
25,2017-07-01,159937,0.057,博时黄金ETF
26,2017-07-01,000665,1,博时现金收益货币B
26,2017-08-18,001308,1,博时外服货币
27,2017-07-01,001215,0.0816,博时沪港深优质企业混合A
27,2017-07-01,002555,0.0815,博时沪港深优质企业混合C
27,2017-07-01,050012,0.0156,博时策略配置混合
27,2017-07-01,050025,0.148,博时标普500ETF联接QDII
27,2017-07-01,050027,0.5512,博时信用债纯债债券A
27,2017-07-01,159908,0.0652,博时深证基本面200ETF
27,2017-07-01,159937,0.057,博时黄金ETF
28,2017-07-01,001215,0.1016,博时沪港深优质企业混合A
28,2017-07-01,002555,0.1014,博时沪港深优质企业混合C
28,2017-07-01,050012,0.021,博时策略配置混合
28,2017-07-01,050025,0.2592,博时标普500ETF联接QDII
28,2017-07-01,050027,0.3313,博时信用债纯债债券A
28,2017-07-01,159908,0.0947,博时深证基本面200ETF
28,2017-07-01,159937,0.0907,博时黄金ETF
28,2017-10-20,001215,0.0404,博时沪港深优质企业混合A
28,2017-10-20,002555,0.1115,博时沪港深优质企业混合C
28,2017-10-20,050012,0.0208,博时策略配置混合
28,2017-10-20,050025,0.2655,博时标普500ETF联接QDII
28,2017-10-20,050027,0.3298,博时信用债纯债债券A
28,2017-10-20,159937,0.0478,博时黄金ETF
28,2017-10-20,001243,0.0502,博时中证淘金大数据100I
28,2017-10-20,050002,0.0669,博时沪深300指数A
28,2017-10-20,510020,0.0672,博时上证超大盘ETF
29,2017-07-01,001215,0.1016,博时沪港深优质企业混合A
29,2017-07-01,002555,0.1014,博时沪港深优质企业混合C
29,2017-07-01,050012,0.021,博时策略配置混合
29,2017-07-01,050025,0.2592,博时标普500ETF联接QDII
29,2017-07-01,050027,0.3313,博时信用债纯债债券A
29,2017-07-01,159908,0.0947,博时深证基本面200ETF
29,2017-07-01,159937,0.0907,博时黄金ETF
29,2017-10-20,001215,0.0404,博时沪港深优质企业混合A
29,2017-10-20,002555,0.1115,博时沪港深优质企业混合C
29,2017-10-20,050012,0.0208,博时策略配置混合
29,2017-10-20,050025,0.2655,博时标普500ETF联接QDII
29,2017-10-20,050027,0.3298,博时信用债纯债债券A
29,2017-10-20,159937,0.0478,博时黄金ETF
29,2017-10-20,001243,0.0502,博时中证淘金大数据100I
29,2017-10-20,050002,0.0669,博时沪深300指数A
29,2017-10-20,510020,0.0672,博时上证超大盘ETF
30,2017-07-01,001215,0.1016,博时沪港深优质企业混合A
30,2017-07-01,002555,0.1014,博时沪港深优质企业混合C
30,2017-07-01,050012,0.021,博时策略配置混合
30,2017-07-01,050025,0.2592,博时标普500ETF联接QDII
30,2017-07-01,050027,0.3313,博时信用债纯债债券A
30,2017-07-01,159908,0.0947,博时深证基本面200ETF
30,2017-07-01,159937,0.0907,博时黄金ETF
30,2017-10-20,001215,0.0404,博时沪港深优质企业混合A
30,2017-10-20,002555,0.1115,博时沪港深优质企业混合C
30,2017-10-20,050012,0.0208,博时策略配置混合
30,2017-10-20,050025,0.2655,博时标普500ETF联接QDII
30,2017-10-20,050027,0.3298,博时信用债纯债债券A
30,2017-10-20,159937,0.0478,博时黄金ETF
30,2017-10-20,001243,0.0502,博时中证淘金大数据100I
30,2017-10-20,050002,0.0669,博时沪深300指数A
30,2017-10-20,510020,0.0672,博时上证超大盘ETF
31,2017-07-01,001215,0.0816,博时沪港深优质企业混合A
31,2017-07-01,002555,0.0815,博时沪港深优质企业混合C
31,2017-07-01,050012,0.0156,博时策略配置混合
31,2017-07-01,050025,0.148,博时标普500ETF联接QDII
31,2017-07-01,050027,0.5512,博时信用债纯债债券A
31,2017-07-01,159908,0.0652,博时深证基本面200ETF
31,2017-07-01,159937,0.057,博时黄金ETF
32,2017-07-01,001215,0.1016,博时沪港深优质企业混合A
32,2017-07-01,002555,0.1014,博时沪港深优质企业混合C
32,2017-07-01,050012,0.021,博时策略配置混合
32,2017-07-01,050025,0.2592,博时标普500ETF联接QDII
32,2017-07-01,050027,0.3313,博时信用债纯债债券A
32,2017-07-01,159908,0.0947,博时深证基本面200ETF
32,2017-07-01,159937,0.0907,博时黄金ETF
32,2017-10-20,001215,0.0404,博时沪港深优质企业混合A
32,2017-10-20,002555,0.1115,博时沪港深优质企业混合C
32,2017-10-20,050012,0.0208,博时策略配置混合
32,2017-10-20,050025,0.2655,博时标普500ETF联接QDII
32,2017-10-20,050027,0.3298,博时信用债纯债债券A
32,2017-10-20,159937,0.0478,博时黄金ETF
32,2017-10-20,001243,0.0502,博时中证淘金大数据100I
32,2017-10-20,050002,0.0669,博时沪深300指数A
32,2017-10-20,510020,0.0672,博时上证超大盘ETF
33,2017-07-01,001215,0.1415,博时沪港深优质企业混合A
33,2017-07-01,002555,0.1414,博时沪港深优质企业混合C
33,2017-07-01,050012,0.0295,博时策略配置混合
33,2017-07-01,050025,0.3783,博时标普500ETF联接QDII
33,2017-07-01,159908,0.0839,博时深证基本面200ETF
33,2017-07-01,159937,0.1413,博时黄金ETF
33,2017-07-01,510020,0.0841,博时上证超大盘ETF
33,2017-10-20,001215,0.0728,博时沪港深优质企业混合A
33,2017-10-20,002555,0.1524,博时沪港深优质企业混合C
33,2017-10-20,050012,0.0286,博时策略配置混合
33,2017-10-20,050025,0.3841,博时标普500ETF联接QDII
33,2017-10-20,159937,0.072,博时黄金ETF
33,2017-10-20,510020,0.0847,博时上证超大盘ETF
33,2017-10-20,001243,0.0742,博时中证淘金大数据100I
33,2017-10-20,050002,0.0657,博时沪深300指数A
33,2017-10-20,510710,0.0655,博时上证50ETF
34,2017-07-01,001215,0.1415,博时沪港深优质企业混合A
34,2017-07-01,002555,0.1414,博时沪港深优质企业混合C
34,2017-07-01,050012,0.0295,博时策略配置混合
34,2017-07-01,050025,0.3783,博时标普500ETF联接QDII
34,2017-07-01,159908,0.0839,博时深证基本面200ETF
34,2017-07-01,159937,0.1413,博时黄金ETF
34,2017-07-01,510020,0.0841,博时上证超大盘ETF
34,2017-10-20,001215,0.0728,博时沪港深优质企业混合A
34,2017-10-20,002555,0.1524,博时沪港深优质企业混合C
34,2017-10-20,050012,0.0286,博时策略配置混合
34,2017-10-20,050025,0.3841,博时标普500ETF联接QDII
34,2017-10-20,159937,0.0719,博时黄金ETF
34,2017-10-20,510020,0.0847,博时上证超大盘ETF
34,2017-10-20,001243,0.0742,博时中证淘金大数据100I
34,2017-10-20,050002,0.0657,博时沪深300指数A
34,2017-10-20,510710,0.0655,博时上证50ETF
35,2017-07-01,001215,0.1016,博时沪港深优质企业混合A
35,2017-07-01,002555,0.1014,博时沪港深优质企业混合C
35,2017-07-01,050012,0.021,博时策略配置混合
35,2017-07-01,050025,0.2592,博时标普500ETF联接QDII
35,2017-07-01,050027,0.3313,博时信用债纯债债券A
35,2017-07-01,159908,0.0947,博时深证基本面200ETF
35,2017-07-01,159937,0.0907,博时黄金ETF
35,2017-10-20,001215,0.0404,博时沪港深优质企业混合A
35,2017-10-20,002555,0.1115,博时沪港深优质企业混合C
35,2017-10-20,050012,0.0208,博时策略配置混合
35,2017-10-20,050025,0.2655,博时标普500ETF联接QDII
35,2017-10-20,050027,0.3298,博时信用债纯债债券A
35,2017-10-20,159937,0.0478,博时黄金ETF
35,2017-10-20,001243,0.0502,博时中证淘金大数据100I
35,2017-10-20,050002,0.0669,博时沪深300指数A
35,2017-10-20,510020,0.0672,博时上证超大盘ETF
36,2017-07-01,001215,0.0816,博时沪港深优质企业混合A
36,2017-07-01,002555,0.0815,博时沪港深优质企业混合C
36,2017-07-01,050012,0.0156,博时策略配置混合
36,2017-07-01,050025,0.148,博时标普500ETF联接QDII
36,2017-07-01,050027,0.5512,博时信用债纯债债券A
36,2017-07-01,159908,0.0652,博时深证基本面200ETF
36,2017-07-01,159937,0.057,博时黄金ETF
37,2017-07-01,001215,0.1632,博时沪港深优质企业混合A
37,2017-07-01,050012,0.0156,博时策略配置混合
37,2017-07-01,050025,0.148,博时标普500ETF联接QDII
37,2017-07-01,050027,0.5511,博时信用债纯债债券A
37,2017-07-01,159908,0.0652,博时深证基本面200ETF
37,2017-07-01,159937,0.057,博时黄金ETF
38,2017-07-01,001215,0.2828,博时沪港深优质企业混合A
38,2017-07-01,050012,0.0295,博时策略配置混合
38,2017-07-01,050025,0.3785,博时标普500ETF联接QDII
38,2017-07-01,159908,0.1678,博时深证基本面200ETF
38,2017-07-01,159937,0.1414,博时黄金ETF
38,2017-10-20,001215,0.2249,博时沪港深优质企业混合A
38,2017-10-20,050012,0.0286,博时策略配置混合
38,2017-10-20,050025,0.3838,博时标普500ETF联接QDII
38,2017-10-20,159937,0.0719,博时黄金ETF
38,2017-10-20,001243,0.0745,博时中证淘金大数据100I
38,2017-10-20,510020,0.2163,博时上证超大盘ETF
39,2017-07-01,001215,0.2828,博时沪港深优质企业混合A
39,2017-07-01,050012,0.0294,博时策略配置混合
39,2017-07-01,050025,0.3784,博时标普500ETF联接QDII
39,2017-07-01,159908,0.1679,博时深证基本面200ETF
39,2017-07-01,159937,0.1415,博时黄金ETF
39,2017-10-20,001215,0.2249,博时沪港深优质企业混合A
39,2017-10-20,050012,0.0285,博时策略配置混合
39,2017-10-20,050025,0.3838,博时标普500ETF联接QDII
39,2017-10-20,159937,0.0718,博时黄金ETF
39,2017-10-20,001243,0.0747,博时中证淘金大数据100I
39,2017-10-20,510020,0.2163,博时上证超大盘ETF
40,2017-07-01,001215,0.1734,博时沪港深优质企业混合A
40,2017-07-01,050012,0.0272,博时策略配置混合
40,2017-07-01,050013,0.0767,博时上证超大盘ETF联接
40,2017-07-01,050025,0.1598,博时标普500ETF联接QDII
40,2017-07-01,050027,0.5628,博时信用债纯债债券A
41,2017-07-01,001215,0.1734,博时沪港深优质企业混合A
41,2017-07-01,050012,0.0272,博时策略配置混合
41,2017-07-01,050013,0.0767,博时上证超大盘ETF联接
41,2017-07-01,050025,0.1598,博时标普500ETF联接QDII
41,2017-07-01,050027,0.5628,博时信用债纯债债券A
42,2017-07-01,001215,0.1635,博时沪港深优质企业混合A
42,2017-07-01,050012,0.0154,博时策略配置混合
42,2017-07-01,050025,0.148,博时标普500ETF联接QDII
42,2017-07-01,050027,0.5513,博时信用债纯债债券A
42,2017-07-01,159908,0.0651,博时深证基本面200ETF
42,2017-07-01,159937,0.0568,博时黄金ETF
43,2017-07-01,001215,0.2828,博时沪港深优质企业混合A
43,2017-07-01,050012,0.0295,博时策略配置混合
43,2017-07-01,050025,0.3785,博时标普500ETF联接QDII
43,2017-07-01,159908,0.1678,博时深证基本面200ETF
43,2017-07-01,159937,0.1414,博时黄金ETF
43,2017-10-20,001215,0.2249,博时沪港深优质企业混合A
43,2017-10-20,050012,0.0286,博时策略配置混合
43,2017-10-20,050025,0.3838,博时标普500ETF联接QDII
43,2017-10-20,159937,0.0719,博时黄金ETF
43,2017-10-20,001243,0.0745,博时中证淘金大数据100I
43,2017-10-20,510020,0.2163,博时上证超大盘ETF
44,2017-07-01,001215,0.283,博时沪港深优质企业混合A
44,2017-07-01,050012,0.0295,博时策略配置混合
44,2017-07-01,050025,0.3784,博时标普500ETF联接QDII
44,2017-07-01,159908,0.1678,博时深证基本面200ETF
44,2017-07-01,159937,0.1413,博时黄金ETF
44,2017-10-20,001215,0.225,博时沪港深优质企业混合A
44,2017-10-20,050012,0.0286,博时策略配置混合
44,2017-10-20,050025,0.3841,博时标普500ETF联接QDII
44,2017-10-20,159937,0.072,博时黄金ETF
44,2017-10-20,001243,0.0745,博时中证淘金大数据100I
44,2017-10-20,050002,0.1077,博时沪深300指数A
44,2017-10-20,510020,0.1082,博时上证超大盘ETF
45,2017-07-01,001215,0.1415,博时沪港深优质企业混合A
45,2017-07-01,002555,0.1413,博时沪港深优质企业混合C
45,2017-07-01,050012,0.0295,博时策略配置混合
45,2017-07-01,050025,0.3784,博时标普500ETF联接QDII
45,2017-07-01,159908,0.0839,博时深证基本面200ETF
45,2017-07-01,159937,0.1413,博时黄金ETF
45,2017-07-01,510020,0.0841,博时上证超大盘ETF
45,2017-10-20,001215,0.0728,博时沪港深优质企业混合A
45,2017-10-20,002555,0.1524,博时沪港深优质企业混合C
45,2017-10-20,050012,0.0286,博时策略配置混合
45,2017-10-20,050025,0.3842,博时标普500ETF联接QDII
45,2017-10-20,159937,0.0719,博时黄金ETF
45,2017-10-20,510020,0.0847,博时上证超大盘ETF
45,2017-10-20,001243,0.0742,博时中证淘金大数据100I
45,2017-10-20,050002,0.0657,博时沪深300指数A
45,2017-10-20,510710,0.0655,博时上证50ETF
46,2017-07-01,000665,1,博时现金收益货币B
46,2017-08-18,001308,1,博时外服货币
47,2017-07-01,001215,0.1016,博时沪港深优质企业混合A
47,2017-07-01,002555,0.1014,博时沪港深优质企业混合C
47,2017-07-01,050012,0.021,博时策略配置混合
47,2017-07-01,050025,0.2592,博时标普500ETF联接QDII
47,2017-07-01,050027,0.3313,博时信用债纯债债券A
47,2017-07-01,159908,0.0947,博时深证基本面200ETF
47,2017-07-01,159937,0.0907,博时黄金ETF
47,2017-10-20,001215,0.0404,博时沪港深优质企业混合A
47,2017-10-20,002555,0.1115,博时沪港深优质企业混合C
47,2017-10-20,050012,0.0208,博时策略配置混合
47,2017-10-20,050025,0.2655,博时标普500ETF联接QDII
47,2017-10-20,050027,0.3298,博时信用债纯债债券A
47,2017-10-20,159937,0.0478,博时黄金ETF
47,2017-10-20,001243,0.0502,博时中证淘金大数据100I
47,2017-10-20,050002,0.0669,博时沪深300指数A
47,2017-10-20,510020,0.0672,博时上证超大盘ETF
48,2017-07-01,001215,0.1415,博时沪港深优质企业混合A
48,2017-07-01,002555,0.1414,博时沪港深优质企业混合C
48,2017-07-01,050012,0.0295,博时策略配置混合
48,2017-07-01,050025,0.3783,博时标普500ETF联接QDII
48,2017-07-01,159908,0.0839,博时深证基本面200ETF
48,2017-07-01,159937,0.1413,博时黄金ETF
48,2017-07-01,510020,0.0841,博时上证超大盘ETF
48,2017-10-20,001215,0.0728,博时沪港深优质企业混合A
48,2017-10-20,002555,0.1524,博时沪港深优质企业混合C
48,2017-10-20,050012,0.0286,博时策略配置混合
48,2017-10-20,050025,0.3841,博时标普500ETF联接QDII
48,2017-10-20,159937,0.072,博时黄金ETF
48,2017-10-20,510020,0.0847,博时上证超大盘ETF
48,2017-10-20,001243,0.0742,博时中证淘金大数据100I
48,2017-10-20,050002,0.0657,博时沪深300指数A
48,2017-10-20,510710,0.0655,博时上证50ETF
49,2017-07-01,001215,0.1016,博时沪港深优质企业混合A
49,2017-07-01,002555,0.1014,博时沪港深优质企业混合C
49,2017-07-01,050012,0.021,博时策略配置混合
49,2017-07-01,050025,0.2592,博时标普500ETF联接QDII
49,2017-07-01,050027,0.3313,博时信用债纯债债券A
49,2017-07-01,159908,0.0947,博时深证基本面200ETF
49,2017-07-01,159937,0.0907,博时黄金ETF
49,2017-10-20,001215,0.0404,博时沪港深优质企业混合A
49,2017-10-20,002555,0.1115,博时沪港深优质企业混合C
49,2017-10-20,050012,0.0208,博时策略配置混合
49,2017-10-20,050025,0.2655,博时标普500ETF联接QDII
49,2017-10-20,050027,0.3298,博时信用债纯债债券A
49,2017-10-20,159937,0.0478,博时黄金ETF
49,2017-10-20,001243,0.0502,博时中证淘金大数据100I
49,2017-10-20,050002,0.0669,博时沪深300指数A
49,2017-10-20,510020,0.0672,博时上证超大盘ETF
50,2017-07-01,001215,0.1016,博时沪港深优质企业混合A
50,2017-07-01,002555,0.1014,博时沪港深优质企业混合C
50,2017-07-01,050012,0.021,博时策略配置混合
50,2017-07-01,050025,0.2592,博时标普500ETF联接QDII
50,2017-07-01,050027,0.3313,博时信用债纯债债券A
50,2017-07-01,159908,0.0947,博时深证基本面200ETF
50,2017-07-01,159937,0.0907,博时黄金ETF
50,2017-10-20,001215,0.0404,博时沪港深优质企业混合A
50,2017-10-20,002555,0.1115,博时沪港深优质企业混合C
50,2017-10-20,050012,0.0208,博时策略配置混合
50,2017-10-20,050025,0.2655,博时标普500ETF联接QDII
50,2017-10-20,050027,0.3298,博时信用债纯债债券A
50,2017-10-20,159937,0.0478,博时黄金ETF
50,2017-10-20,001243,0.0502,博时中证淘金大数据100I
50,2017-10-20,050002,0.0669,博时沪深300指数A
50,2017-10-20,510020,0.0672,博时上证超大盘ETF
51,2017-07-01,001215,0.0816,博时沪港深优质企业混合A
51,2017-07-01,002555,0.0815,博时沪港深优质企业混合C
51,2017-07-01,050012,0.0156,博时策略配置混合
51,2017-07-01,050025,0.148,博时标普500ETF联接QDII
51,2017-07-01,050027,0.5512,博时信用债纯债债券A
51,2017-07-01,159908,0.0652,博时深证基本面200ETF
51,2017-07-01,159937,0.057,博时黄金ETF
52,2017-07-01,001215,0.0816,博时沪港深优质企业混合A
52,2017-07-01,002555,0.0815,博时沪港深优质企业混合C
52,2017-07-01,050012,0.0156,博时策略配置混合
52,2017-07-01,050025,0.148,博时标普500ETF联接QDII
52,2017-07-01,050027,0.5512,博时信用债纯债债券A
52,2017-07-01,159908,0.0652,博时深证基本面200ETF
52,2017-07-01,159937,0.057,博时黄金ETF
53,2017-07-01,001215,0.1016,博时沪港深优质企业混合A
53,2017-07-01,002555,0.1014,博时沪港深优质企业混合C
53,2017-07-01,050012,0.021,博时策略配置混合
53,2017-07-01,050025,0.2592,博时标普500ETF联接QDII
53,2017-07-01,050027,0.3313,博时信用债纯债债券A
53,2017-07-01,159908,0.0947,博时深证基本面200ETF
53,2017-07-01,159937,0.0907,博时黄金ETF
53,2017-10-20,001215,0.0404,博时沪港深优质企业混合A
53,2017-10-20,002555,0.1115,博时沪港深优质企业混合C
53,2017-10-20,050012,0.0208,博时策略配置混合
53,2017-10-20,050025,0.2655,博时标普500ETF联接QDII
53,2017-10-20,050027,0.3298,博时信用债纯债债券A
53,2017-10-20,159937,0.0478,博时黄金ETF
53,2017-10-20,001243,0.0502,博时中证淘金大数据100I
53,2017-10-20,050002,0.0669,博时沪深300指数A
53,2017-10-20,510020,0.0672,博时上证超大盘ETF
54,2017-07-01,001215,0.1415,博时沪港深优质企业混合A
54,2017-07-01,002555,0.1414,博时沪港深优质企业混合C
54,2017-07-01,050012,0.0295,博时策略配置混合
54,2017-07-01,050025,0.3783,博时标普500ETF联接QDII
54,2017-07-01,159908,0.0839,博时深证基本面200ETF
54,2017-07-01,159937,0.1413,博时黄金ETF
54,2017-07-01,510020,0.0841,博时上证超大盘ETF
54,2017-10-20,001215,0.0728,博时沪港深优质企业混合A
54,2017-10-20,002555,0.1524,博时沪港深优质企业混合C
54,2017-10-20,050012,0.0286,博时策略配置混合
54,2017-10-20,050025,0.3841,博时标普500ETF联接QDII
54,2017-10-20,159937,0.0719,博时黄金ETF
54,2017-10-20,510020,0.0847,博时上证超大盘ETF
54,2017-10-20,001243,0.0742,博时中证淘金大数据100I
54,2017-10-20,050002,0.0657,博时沪深300指数A
54,2017-10-20,510710,0.0655,博时上证50ETF
55,2017-07-01,001215,0.1415,博时沪港深优质企业混合A
55,2017-07-01,002555,0.1414,博时沪港深优质企业混合C
55,2017-07-01,050012,0.0295,博时策略配置混合
55,2017-07-01,050025,0.3783,博时标普500ETF联接QDII
55,2017-07-01,159908,0.0839,博时深证基本面200ETF
55,2017-07-01,159937,0.1413,博时黄金ETF
55,2017-07-01,510020,0.0841,博时上证超大盘ETF
55,2017-10-20,001215,0.0728,博时沪港深优质企业混合A
55,2017-10-20,002555,0.1524,博时沪港深优质企业混合C
55,2017-10-20,050012,0.0286,博时策略配置混合
55,2017-10-20,050025,0.3841,博时标普500ETF联接QDII
55,2017-10-20,159937,0.072,博时黄金ETF
55,2017-10-20,510020,0.0847,博时上证超大盘ETF
55,2017-10-20,001243,0.0742,博时中证淘金大数据100I
55,2017-10-20,050002,0.0657,博时沪深300指数A
55,2017-10-20,510710,0.0655,博时上证50ETF
56,2017-07-01,001215,0.0816,博时沪港深优质企业混合A
56,2017-07-01,002555,0.0815,博时沪港深优质企业混合C
56,2017-07-01,050012,0.0156,博时策略配置混合
56,2017-07-01,050025,0.148,博时标普500ETF联接QDII
56,2017-07-01,050027,0.5512,博时信用债纯债债券A
56,2017-07-01,159908,0.0652,博时深证基本面200ETF
56,2017-07-01,159937,0.057,博时黄金ETF
57,2017-07-01,001215,0.1632,博时沪港深优质企业混合A
57,2017-07-01,050012,0.0156,博时策略配置混合
57,2017-07-01,050025,0.148,博时标普500ETF联接QDII
57,2017-07-01,050027,0.5511,博时信用债纯债债券A
57,2017-07-01,159908,0.0652,博时深证基本面200ETF
57,2017-07-01,159937,0.057,博时黄金ETF
58,2017-07-01,001215,0.2828,博时沪港深优质企业混合A
58,2017-07-01,050012,0.0295,博时策略配置混合
58,2017-07-01,050025,0.3785,博时标普500ETF联接QDII
58,2017-07-01,159908,0.1678,博时深证基本面200ETF
58,2017-07-01,159937,0.1414,博时黄金ETF
58,2017-10-20,001215,0.2249,博时沪港深优质企业混合A
58,2017-10-20,050012,0.0286,博时策略配置混合
58,2017-10-20,050025,0.3838,博时标普500ETF联接QDII
58,2017-10-20,159937,0.0719,博时黄金ETF
58,2017-10-20,001243,0.0745,博时中证淘金大数据100I
58,2017-10-20,510020,0.2163,博时上证超大盘ETF
59,2017-07-01,001215,0.2828,博时沪港深优质企业混合A
59,2017-07-01,050012,0.0294,博时策略配置混合
59,2017-07-01,050025,0.3784,博时标普500ETF联接QDII
59,2017-07-01,159908,0.1679,博时深证基本面200ETF
59,2017-07-01,159937,0.1415,博时黄金ETF
59,2017-10-20,001215,0.2249,博时沪港深优质企业混合A
59,2017-10-20,050012,0.0285,博时策略配置混合
59,2017-10-20,050025,0.3838,博时标普500ETF联接QDII
59,2017-10-20,159937,0.0718,博时黄金ETF
59,2017-10-20,001243,0.0747,博时中证淘金大数据100I
59,2017-10-20,510020,0.2163,博时上证超大盘ETF
60,2017-07-01,001215,0.1414,博时沪港深优质企业混合A
60,2017-07-01,050013,0.0591,博时上证超大盘ETF联接
60,2017-07-01,050027,0.7995,博时信用债纯债债券A
61,2017-07-01,001215,0.1414,博时沪港深优质企业混合A
61,2017-07-01,050013,0.0591,博时上证超大盘ETF联接
61,2017-07-01,050027,0.7995,博时信用债纯债债券A
62,2017-07-01,001215,0.118,博时沪港深优质企业混合A
62,2017-07-01,050012,0.0126,博时策略配置混合
62,2017-07-01,050013,0.0363,博时上证超大盘ETF联接
62,2017-07-01,050025,0.0564,博时标普500ETF联接QDII
62,2017-07-01,050027,0.7766,博时信用债纯债债券A
63,2017-07-01,001215,0.2828,博时沪港深优质企业混合A
63,2017-07-01,050012,0.0295,博时策略配置混合
63,2017-07-01,050025,0.3785,博时标普500ETF联接QDII
63,2017-07-01,159908,0.1678,博时深证基本面200ETF
63,2017-07-01,159937,0.1414,博时黄金ETF
63,2017-10-20,001215,0.2249,博时沪港深优质企业混合A
63,2017-10-20,050012,0.0286,博时策略配置混合
63,2017-10-20,050025,0.3838,博时标普500ETF联接QDII
63,2017-10-20,159937,0.0719,博时黄金ETF
63,2017-10-20,001243,0.0745,博时中证淘金大数据100I
63,2017-10-20,510020,0.2163,博时上证超大盘ETF
64,2017-07-01,001215,0.283,博时沪港深优质企业混合A
64,2017-07-01,050012,0.0295,博时策略配置混合
64,2017-07-01,050025,0.3784,博时标普500ETF联接QDII
64,2017-07-01,159908,0.1678,博时深证基本面200ETF
64,2017-07-01,159937,0.1413,博时黄金ETF
64,2017-10-20,001215,0.225,博时沪港深优质企业混合A
64,2017-10-20,050012,0.0286,博时策略配置混合
64,2017-10-20,050025,0.3841,博时标普500ETF联接QDII
64,2017-10-20,159937,0.072,博时黄金ETF
64,2017-10-20,001243,0.0745,博时中证淘金大数据100I
64,2017-10-20,050002,0.1077,博时沪深300指数A
64,2017-10-20,510020,0.1082,博时上证超大盘ETF
65,2017-07-01,001215,0.0563,博时沪港深优质企业混合A
65,2017-07-01,002555,0.0563,博时沪港深优质企业混合C
65,2017-07-01,050012,0.0067,博时策略配置混合
65,2017-07-01,050025,0.0507,博时标普500ETF联接QDII
65,2017-07-01,050027,0.7709,博时信用债纯债债券A
65,2017-07-01,159908,0.0309,博时深证基本面200ETF
65,2017-07-01,159937,0.0282,博时黄金ETF
66,2017-07-01,000665,1,博时现金收益货币B
66,2017-08-18,001308,1,博时外服货币
67,2017-07-01,001215,0.0816,博时沪港深优质企业混合A
67,2017-07-01,002555,0.0815,博时沪港深优质企业混合C
67,2017-07-01,050012,0.0156,博时策略配置混合
67,2017-07-01,050025,0.148,博时标普500ETF联接QDII
67,2017-07-01,050027,0.5512,博时信用债纯债债券A
67,2017-07-01,159908,0.0652,博时深证基本面200ETF
67,2017-07-01,159937,0.057,博时黄金ETF
68,2017-07-01,001215,0.1415,博时沪港深优质企业混合A
68,2017-07-01,002555,0.1414,博时沪港深优质企业混合C
68,2017-07-01,050012,0.0295,博时策略配置混合
68,2017-07-01,050025,0.3783,博时标普500ETF联接QDII
68,2017-07-01,159908,0.0839,博时深证基本面200ETF
68,2017-07-01,159937,0.1413,博时黄金ETF
68,2017-07-01,510020,0.0841,博时上证超大盘ETF
68,2017-10-20,001215,0.0728,博时沪港深优质企业混合A
68,2017-10-20,002555,0.1524,博时沪港深优质企业混合C
68,2017-10-20,050012,0.0286,博时策略配置混合
68,2017-10-20,050025,0.3841,博时标普500ETF联接QDII
68,2017-10-20,159937,0.072,博时黄金ETF
68,2017-10-20,510020,0.0847,博时上证超大盘ETF
68,2017-10-20,001243,0.0742,博时中证淘金大数据100I
68,2017-10-20,050002,0.0657,博时沪深300指数A
68,2017-10-20,510710,0.0655,博时上证50ETF
69,2017-07-01,001215,0.1016,博时沪港深优质企业混合A
69,2017-07-01,002555,0.1014,博时沪港深优质企业混合C
69,2017-07-01,050012,0.021,博时策略配置混合
69,2017-07-01,050025,0.2592,博时标普500ETF联接QDII
69,2017-07-01,050027,0.3313,博时信用债纯债债券A
69,2017-07-01,159908,0.0947,博时深证基本面200ETF
69,2017-07-01,159937,0.0907,博时黄金ETF
69,2017-10-20,001215,0.0404,博时沪港深优质企业混合A
69,2017-10-20,002555,0.1115,博时沪港深优质企业混合C
69,2017-10-20,050012,0.0208,博时策略配置混合
69,2017-10-20,050025,0.2655,博时标普500ETF联接QDII
69,2017-10-20,050027,0.3298,博时信用债纯债债券A
69,2017-10-20,159937,0.0478,博时黄金ETF
69,2017-10-20,001243,0.0502,博时中证淘金大数据100I
69,2017-10-20,050002,0.0669,博时沪深300指数A
69,2017-10-20,510020,0.0672,博时上证超大盘ETF
70,2017-07-01,001215,0.1415,博时沪港深优质企业混合A
70,2017-07-01,002555,0.1414,博时沪港深优质企业混合C
70,2017-07-01,050012,0.0295,博时策略配置混合
70,2017-07-01,050025,0.3783,博时标普500ETF联接QDII
70,2017-07-01,159908,0.0839,博时深证基本面200ETF
70,2017-07-01,159937,0.1413,博时黄金ETF
70,2017-07-01,510020,0.0841,博时上证超大盘ETF
70,2017-10-20,001215,0.0728,博时沪港深优质企业混合A
70,2017-10-20,002555,0.1524,博时沪港深优质企业混合C
70,2017-10-20,050012,0.0286,博时策略配置混合
70,2017-10-20,050025,0.3841,博时标普500ETF联接QDII
70,2017-10-20,159937,0.072,博时黄金ETF
70,2017-10-20,510020,0.0847,博时上证超大盘ETF
70,2017-10-20,001243,0.0742,博时中证淘金大数据100I
70,2017-10-20,050002,0.0657,博时沪深300指数A
70,2017-10-20,510710,0.0655,博时上证50ETF
71,2017-07-01,001215,0.0816,博时沪港深优质企业混合A
71,2017-07-01,002555,0.0815,博时沪港深优质企业混合C
71,2017-07-01,050012,0.0156,博时策略配置混合
71,2017-07-01,050025,0.148,博时标普500ETF联接QDII
71,2017-07-01,050027,0.5512,博时信用债纯债债券A
71,2017-07-01,159908,0.0652,博时深证基本面200ETF
71,2017-07-01,159937,0.057,博时黄金ETF
72,2017-07-01,001215,0.0564,博时沪港深优质企业混合A
72,2017-07-01,002555,0.0563,博时沪港深优质企业混合C
72,2017-07-01,050012,0.0067,博时策略配置混合
72,2017-07-01,050025,0.0507,博时标普500ETF联接QDII
72,2017-07-01,050027,0.7709,博时信用债纯债债券A
72,2017-07-01,159908,0.0309,博时深证基本面200ETF
72,2017-07-01,159937,0.0282,博时黄金ETF
73,2017-07-01,001215,0.1016,博时沪港深优质企业混合A
73,2017-07-01,002555,0.1014,博时沪港深优质企业混合C
73,2017-07-01,050012,0.021,博时策略配置混合
73,2017-07-01,050025,0.2592,博时标普500ETF联接QDII
73,2017-07-01,050027,0.3313,博时信用债纯债债券A
73,2017-07-01,159908,0.0947,博时深证基本面200ETF
73,2017-07-01,159937,0.0907,博时黄金ETF
73,2017-10-20,001215,0.0404,博时沪港深优质企业混合A
73,2017-10-20,002555,0.1115,博时沪港深优质企业混合C
73,2017-10-20,050012,0.0208,博时策略配置混合
73,2017-10-20,050025,0.2655,博时标普500ETF联接QDII
73,2017-10-20,050027,0.3298,博时信用债纯债债券A
73,2017-10-20,159937,0.0478,博时黄金ETF
73,2017-10-20,001243,0.0502,博时中证淘金大数据100I
73,2017-10-20,050002,0.0669,博时沪深300指数A
73,2017-10-20,510020,0.0672,博时上证超大盘ETF
74,2017-07-01,001215,0.1415,博时沪港深优质企业混合A
74,2017-07-01,002555,0.1414,博时沪港深优质企业混合C
74,2017-07-01,050012,0.0295,博时策略配置混合
74,2017-07-01,050025,0.3783,博时标普500ETF联接QDII
74,2017-07-01,159908,0.0839,博时深证基本面200ETF
74,2017-07-01,159937,0.1413,博时黄金ETF
74,2017-07-01,510020,0.0841,博时上证超大盘ETF
74,2017-10-20,001215,0.0728,博时沪港深优质企业混合A
74,2017-10-20,002555,0.1524,博时沪港深优质企业混合C
74,2017-10-20,050012,0.0286,博时策略配置混合
74,2017-10-20,050025,0.3841,博时标普500ETF联接QDII
74,2017-10-20,159937,0.0719,博时黄金ETF
74,2017-10-20,510020,0.0847,博时上证超大盘ETF
74,2017-10-20,001243,0.0742,博时中证淘金大数据100I
74,2017-10-20,050002,0.0657,博时沪深300指数A
74,2017-10-20,510710,0.0655,博时上证50ETF
75,2017-07-01,001215,0.0816,博时沪港深优质企业混合A
75,2017-07-01,002555,0.0815,博时沪港深优质企业混合C
75,2017-07-01,050012,0.0156,博时策略配置混合
75,2017-07-01,050025,0.148,博时标普500ETF联接QDII
75,2017-07-01,050027,0.5512,博时信用债纯债债券A
75,2017-07-01,159908,0.0652,博时深证基本面200ETF
75,2017-07-01,159937,0.057,博时黄金ETF
76,2017-07-01,000665,1,博时现金收益货币B
76,2017-08-18,001308,1,博时外服货币
77,2017-07-01,001215,0.1127,博时沪港深优质企业混合A
77,2017-07-01,050012,0.0067,博时策略配置混合
77,2017-07-01,050025,0.0507,博时标普500ETF联接QDII
77,2017-07-01,050027,0.7709,博时信用债纯债债券A
77,2017-07-01,159908,0.0309,博时深证基本面200ETF
77,2017-07-01,159937,0.0282,博时黄金ETF
78,2017-07-01,001215,0.2828,博时沪港深优质企业混合A
78,2017-07-01,050012,0.0295,博时策略配置混合
78,2017-07-01,050025,0.3785,博时标普500ETF联接QDII
78,2017-07-01,159908,0.1678,博时深证基本面200ETF
78,2017-07-01,159937,0.1414,博时黄金ETF
78,2017-10-20,001215,0.2249,博时沪港深优质企业混合A
78,2017-10-20,050012,0.0286,博时策略配置混合
78,2017-10-20,050025,0.3838,博时标普500ETF联接QDII
78,2017-10-20,159937,0.0719,博时黄金ETF
78,2017-10-20,001243,0.0745,博时中证淘金大数据100I
78,2017-10-20,510020,0.2163,博时上证超大盘ETF
79,2017-07-01,001215,0.2032,博时沪港深优质企业混合A
79,2017-07-01,050012,0.0209,博时策略配置混合
79,2017-07-01,050025,0.2594,博时标普500ETF联接QDII
79,2017-07-01,050027,0.3312,博时信用债纯债债券A
79,2017-07-01,159908,0.0945,博时深证基本面200ETF
79,2017-07-01,159937,0.0908,博时黄金ETF
79,2017-10-20,001215,0.1518,博时沪港深优质企业混合A
79,2017-10-20,050012,0.0207,博时策略配置混合
79,2017-10-20,050025,0.2654,博时标普500ETF联接QDII
79,2017-10-20,050027,0.3295,博时信用债纯债债券A
79,2017-10-20,001243,0.0504,博时中证淘金大数据100I
79,2017-10-20,002611,0.0477,博时黄金ETF联接C
79,2017-10-20,510020,0.1345,博时上证超大盘ETF
80,2017-07-01,001215,0.1414,博时沪港深优质企业混合A
80,2017-07-01,050013,0.0591,博时上证超大盘ETF联接
80,2017-07-01,050027,0.7995,博时信用债纯债债券A
81,2017-07-01,001215,0.1414,博时沪港深优质企业混合A
81,2017-07-01,050013,0.0591,博时上证超大盘ETF联接
81,2017-07-01,050027,0.7995,博时信用债纯债债券A
82,2017-07-01,001215,0.118,博时沪港深优质企业混合A
82,2017-07-01,050012,0.0126,博时策略配置混合
82,2017-07-01,050013,0.0363,博时上证超大盘ETF联接
82,2017-07-01,050025,0.0564,博时标普500ETF联接QDII
82,2017-07-01,050027,0.7766,博时信用债纯债债券A
83,2017-07-01,001215,0.2028,博时沪港深优质企业混合A
83,2017-07-01,050012,0.0211,博时策略配置混合
83,2017-07-01,050025,0.2592,博时标普500ETF联接QDII
83,2017-07-01,050027,0.3314,博时信用债纯债债券A
83,2017-07-01,159908,0.0947,博时深证基本面200ETF
83,2017-07-01,159937,0.0908,博时黄金ETF
83,2017-10-20,001215,0.1518,博时沪港深优质企业混合A
83,2017-10-20,050012,0.0209,博时策略配置混合
83,2017-10-20,050025,0.2655,博时标普500ETF联接QDII
83,2017-10-20,050027,0.3296,博时信用债纯债债券A
83,2017-10-20,159937,0.048,博时黄金ETF
83,2017-10-20,001243,0.0501,博时中证淘金大数据100I
83,2017-10-20,510020,0.1343,博时上证超大盘ETF
84,2017-07-01,001215,0.2031,博时沪港深优质企业混合A
84,2017-07-01,050012,0.021,博时策略配置混合
84,2017-07-01,050025,0.2592,博时标普500ETF联接QDII
84,2017-07-01,050027,0.3313,博时信用债纯债债券A
84,2017-07-01,159908,0.0947,博时深证基本面200ETF
84,2017-07-01,159937,0.0907,博时黄金ETF
84,2017-10-20,001215,0.1518,博时沪港深优质企业混合A
84,2017-10-20,050012,0.0208,博时策略配置混合
84,2017-10-20,050025,0.2655,博时标普500ETF联接QDII
84,2017-10-20,050027,0.3297,博时信用债纯债债券A
84,2017-10-20,159937,0.0479,博时黄金ETF
84,2017-10-20,001243,0.0502,博时中证淘金大数据100I
84,2017-10-20,050002,0.0669,博时沪深300指数A
84,2017-10-20,510020,0.0672,博时上证超大盘ETF
85,2017-07-01,001215,0.0816,博时沪港深优质企业混合A
85,2017-07-01,002555,0.0815,博时沪港深优质企业混合C
85,2017-07-01,050012,0.0156,博时策略配置混合
85,2017-07-01,050025,0.148,博时标普500ETF联接QDII
85,2017-07-01,050027,0.5512,博时信用债纯债债券A
85,2017-07-01,159908,0.0652,博时深证基本面200ETF
85,2017-07-01,159937,0.057,博时黄金ETF
86,2017-07-01,001215,0.1016,博时沪港深优质企业混合A
86,2017-07-01,002555,0.1014,博时沪港深优质企业混合C
86,2017-07-01,050012,0.021,博时策略配置混合
86,2017-07-01,050025,0.2592,博时标普500ETF联接QDII
86,2017-07-01,050027,0.3313,博时信用债纯债债券A
86,2017-07-01,159908,0.0947,博时深证基本面200ETF
86,2017-07-01,159937,0.0907,博时黄金ETF
86,2017-10-20,001215,0.0404,博时沪港深优质企业混合A
86,2017-10-20,002555,0.1115,博时沪港深优质企业混合C
86,2017-10-20,050012,0.0208,博时策略配置混合
86,2017-10-20,050025,0.2655,博时标普500ETF联接QDII
86,2017-10-20,050027,0.3298,博时信用债纯债债券A
86,2017-10-20,159937,0.0478,博时黄金ETF
86,2017-10-20,001243,0.0502,博时中证淘金大数据100I
86,2017-10-20,050002,0.0669,博时沪深300指数A
86,2017-10-20,510020,0.0672,博时上证超大盘ETF
87,2017-07-01,001215,0.0816,博时沪港深优质企业混合A
87,2017-07-01,002555,0.0815,博时沪港深优质企业混合C
87,2017-07-01,050012,0.0156,博时策略配置混合
87,2017-07-01,050025,0.148,博时标普500ETF联接QDII
87,2017-07-01,050027,0.5512,博时信用债纯债债券A
87,2017-07-01,159908,0.0652,博时深证基本面200ETF
87,2017-07-01,159937,0.057,博时黄金ETF
88,2017-07-01,001215,0.1016,博时沪港深优质企业混合A
88,2017-07-01,002555,0.1014,博时沪港深优质企业混合C
88,2017-07-01,050012,0.021,博时策略配置混合
88,2017-07-01,050025,0.2592,博时标普500ETF联接QDII
88,2017-07-01,050027,0.3313,博时信用债纯债债券A
88,2017-07-01,159908,0.0947,博时深证基本面200ETF
88,2017-07-01,159937,0.0907,博时黄金ETF
88,2017-10-20,001215,0.0404,博时沪港深优质企业混合A
88,2017-10-20,002555,0.1115,博时沪港深优质企业混合C
88,2017-10-20,050012,0.0208,博时策略配置混合
88,2017-10-20,050025,0.2655,博时标普500ETF联接QDII
88,2017-10-20,050027,0.3298,博时信用债纯债债券A
88,2017-10-20,159937,0.0478,博时黄金ETF
88,2017-10-20,001243,0.0502,博时中证淘金大数据100I
88,2017-10-20,050002,0.0669,博时沪深300指数A
88,2017-10-20,510020,0.0672,博时上证超大盘ETF
89,2017-07-01,001215,0.1016,博时沪港深优质企业混合A
89,2017-07-01,002555,0.1014,博时沪港深优质企业混合C
89,2017-07-01,050012,0.021,博时策略配置混合
89,2017-07-01,050025,0.2592,博时标普500ETF联接QDII
89,2017-07-01,050027,0.3313,博时信用债纯债债券A
89,2017-07-01,159908,0.0947,博时深证基本面200ETF
89,2017-07-01,159937,0.0907,博时黄金ETF
89,2017-10-20,001215,0.0404,博时沪港深优质企业混合A
89,2017-10-20,002555,0.1115,博时沪港深优质企业混合C
89,2017-10-20,050012,0.0208,博时策略配置混合
89,2017-10-20,050025,0.2655,博时标普500ETF联接QDII
89,2017-10-20,050027,0.3298,博时信用债纯债债券A
89,2017-10-20,159937,0.0478,博时黄金ETF
89,2017-10-20,001243,0.0502,博时中证淘金大数据100I
89,2017-10-20,050002,0.0669,博时沪深300指数A
89,2017-10-20,510020,0.0672,博时上证超大盘ETF
90,2017-07-01,001215,0.1016,博时沪港深优质企业混合A
90,2017-07-01,002555,0.1014,博时沪港深优质企业混合C
90,2017-07-01,050012,0.021,博时策略配置混合
90,2017-07-01,050025,0.2592,博时标普500ETF联接QDII
90,2017-07-01,050027,0.3313,博时信用债纯债债券A
90,2017-07-01,159908,0.0947,博时深证基本面200ETF
90,2017-07-01,159937,0.0907,博时黄金ETF
90,2017-10-20,001215,0.0404,博时沪港深优质企业混合A
90,2017-10-20,002555,0.1115,博时沪港深优质企业混合C
90,2017-10-20,050012,0.0208,博时策略配置混合
90,2017-10-20,050025,0.2655,博时标普500ETF联接QDII
90,2017-10-20,050027,0.3298,博时信用债纯债债券A
90,2017-10-20,159937,0.0478,博时黄金ETF
90,2017-10-20,001243,0.0502,博时中证淘金大数据100I
90,2017-10-20,050002,0.0669,博时沪深300指数A
90,2017-10-20,510020,0.0672,博时上证超大盘ETF
91,2017-07-01,001215,0.0816,博时沪港深优质企业混合A
91,2017-07-01,002555,0.0815,博时沪港深优质企业混合C
91,2017-07-01,050012,0.0156,博时策略配置混合
91,2017-07-01,050025,0.148,博时标普500ETF联接QDII
91,2017-07-01,050027,0.5512,博时信用债纯债债券A
91,2017-07-01,159908,0.0652,博时深证基本面200ETF
91,2017-07-01,159937,0.057,博时黄金ETF
92,2017-07-01,001215,0.0816,博时沪港深优质企业混合A
92,2017-07-01,002555,0.0815,博时沪港深优质企业混合C
92,2017-07-01,050012,0.0156,博时策略配置混合
92,2017-07-01,050025,0.148,博时标普500ETF联接QDII
92,2017-07-01,050027,0.5512,博时信用债纯债债券A
92,2017-07-01,159908,0.0652,博时深证基本面200ETF
92,2017-07-01,159937,0.057,博时黄金ETF
93,2017-07-01,001215,0.1016,博时沪港深优质企业混合A
93,2017-07-01,002555,0.1014,博时沪港深优质企业混合C
93,2017-07-01,050012,0.021,博时策略配置混合
93,2017-07-01,050025,0.2592,博时标普500ETF联接QDII
93,2017-07-01,050027,0.3313,博时信用债纯债债券A
93,2017-07-01,159908,0.0947,博时深证基本面200ETF
93,2017-07-01,159937,0.0907,博时黄金ETF
93,2017-10-20,001215,0.0404,博时沪港深优质企业混合A
93,2017-10-20,002555,0.1115,博时沪港深优质企业混合C
93,2017-10-20,050012,0.0208,博时策略配置混合
93,2017-10-20,050025,0.2655,博时标普500ETF联接QDII
93,2017-10-20,050027,0.3298,博时信用债纯债债券A
93,2017-10-20,159937,0.0478,博时黄金ETF
93,2017-10-20,001243,0.0502,博时中证淘金大数据100I
93,2017-10-20,050002,0.0669,博时沪深300指数A
93,2017-10-20,510020,0.0672,博时上证超大盘ETF
94,2017-07-01,001215,0.1415,博时沪港深优质企业混合A
94,2017-07-01,002555,0.1414,博时沪港深优质企业混合C
94,2017-07-01,050012,0.0295,博时策略配置混合
94,2017-07-01,050025,0.3783,博时标普500ETF联接QDII
94,2017-07-01,159908,0.0839,博时深证基本面200ETF
94,2017-07-01,159937,0.1413,博时黄金ETF
94,2017-07-01,510020,0.0841,博时上证超大盘ETF
94,2017-10-20,001215,0.0728,博时沪港深优质企业混合A
94,2017-10-20,002555,0.1524,博时沪港深优质企业混合C
94,2017-10-20,050012,0.0286,博时策略配置混合
94,2017-10-20,050025,0.3841,博时标普500ETF联接QDII
94,2017-10-20,159937,0.0719,博时黄金ETF
94,2017-10-20,510020,0.0847,博时上证超大盘ETF
94,2017-10-20,001243,0.0742,博时中证淘金大数据100I
94,2017-10-20,050002,0.0657,博时沪深300指数A
94,2017-10-20,510710,0.0655,博时上证50ETF
95,2017-07-01,001215,0.1016,博时沪港深优质企业混合A
95,2017-07-01,002555,0.1014,博时沪港深优质企业混合C
95,2017-07-01,050012,0.021,博时策略配置混合
95,2017-07-01,050025,0.2592,博时标普500ETF联接QDII
95,2017-07-01,050027,0.3313,博时信用债纯债债券A
95,2017-07-01,159908,0.0947,博时深证基本面200ETF
95,2017-07-01,159937,0.0907,博时黄金ETF
95,2017-10-20,001215,0.0404,博时沪港深优质企业混合A
95,2017-10-20,002555,0.1115,博时沪港深优质企业混合C
95,2017-10-20,050012,0.0208,博时策略配置混合
95,2017-10-20,050025,0.2655,博时标普500ETF联接QDII
95,2017-10-20,050027,0.3298,博时信用债纯债债券A
95,2017-10-20,159937,0.0478,博时黄金ETF
95,2017-10-20,001243,0.0502,博时中证淘金大数据100I
95,2017-10-20,050002,0.0669,博时沪深300指数A
95,2017-10-20,510020,0.0672,博时上证超大盘ETF
96,2017-07-01,000665,1,博时现金收益货币B
96,2017-08-18,001308,1,博时外服货币
97,2017-07-01,001215,0.1632,博时沪港深优质企业混合A
97,2017-07-01,050012,0.0156,博时策略配置混合
97,2017-07-01,050025,0.148,博时标普500ETF联接QDII
97,2017-07-01,050027,0.5511,博时信用债纯债债券A
97,2017-07-01,159908,0.0652,博时深证基本面200ETF
97,2017-07-01,159937,0.057,博时黄金ETF
98,2017-07-01,001215,0.2028,博时沪港深优质企业混合A
98,2017-07-01,050012,0.0211,博时策略配置混合
98,2017-07-01,050025,0.2592,博时标普500ETF联接QDII
98,2017-07-01,050027,0.3314,博时信用债纯债债券A
98,2017-07-01,159908,0.0947,博时深证基本面200ETF
98,2017-07-01,159937,0.0908,博时黄金ETF
98,2017-10-20,001215,0.1518,博时沪港深优质企业混合A
98,2017-10-20,050012,0.0209,博时策略配置混合
98,2017-10-20,050025,0.2655,博时标普500ETF联接QDII
98,2017-10-20,050027,0.3296,博时信用债纯债债券A
98,2017-10-20,159937,0.048,博时黄金ETF
98,2017-10-20,001243,0.0501,博时中证淘金大数据100I
98,2017-10-20,510020,0.1343,博时上证超大盘ETF
99,2017-07-01,001215,0.2032,博时沪港深优质企业混合A
99,2017-07-01,050012,0.0209,博时策略配置混合
99,2017-07-01,050025,0.2594,博时标普500ETF联接QDII
99,2017-07-01,050027,0.3312,博时信用债纯债债券A
99,2017-07-01,159908,0.0945,博时深证基本面200ETF
99,2017-07-01,159937,0.0908,博时黄金ETF
99,2017-10-20,001215,0.1518,博时沪港深优质企业混合A
99,2017-10-20,050012,0.0207,博时策略配置混合
99,2017-10-20,050025,0.2654,博时标普500ETF联接QDII
99,2017-10-20,050027,0.3295,博时信用债纯债债券A
99,2017-10-20,001243,0.0504,博时中证淘金大数据100I
99,2017-10-20,002611,0.0477,博时黄金ETF联接C
99,2017-10-20,510020,0.1345,博时上证超大盘ETF
b100,2017-07-01,001215,0.1734,博时沪港深优质企业混合A
b100,2017-07-01,050012,0.0272,博时策略配置混合
b100,2017-07-01,050013,0.0767,博时上证超大盘ETF联接
b100,2017-07-01,050025,0.1598,博时标普500ETF联接QDII
b100,2017-07-01,050027,0.5628,博时信用债纯债债券A
