用户,日期,基金代码,基金名称,配置比例
1,2017-07-01,70008,嘉实货币A,1
2,2017-07-01,70008,嘉实货币A,1
3,2017-07-01,70008,嘉实货币A,1
4,2017-07-01,70008,嘉实货币A,1
5,2017-07-01,70008,嘉实货币A,1
6,2017-07-01,70008,嘉实货币A,1
7,2017-07-01,50025,博时标普500ETF联接QDII,0.1486
7,2017-07-01,160127,南方新兴消费增长分级股票,0.0691
7,2017-07-01,160717,嘉实恒生中国企业QDII-LOF,0.1561
7,2017-07-01,160719,嘉实黄金QDII-FOF-LOF,0.0616
7,2017-07-01,162607,景顺长城资源垄断混合LOF,0.0128
7,2017-07-01,261001,景顺长城稳定收益债券A,0.5518
7,2017-08-18,307,易方达黄金ETF联接A,0.0409
7,2017-08-18,413,国开岁月鎏金定开信用债C,0.1122
7,2017-08-18,50025,博时标普500ETF联接QDII,0.1485
7,2017-08-18,110031,易方达恒生国企联接QDII,0.1463
7,2017-08-18,160127,南方新兴消费增长分级股票,0.0782
7,2017-08-18,162607,景顺长城资源垄断混合LOF,0.0355
7,2017-08-18,202102,南方多利增强债券C,0.4382
7,2017-11-10,307,易方达黄金ETF联接A,0.0321
7,2017-11-10,50025,博时标普500ETF联接QDII,0.1573
7,2017-11-10,110031,易方达恒生国企联接QDII,0.0814
7,2017-11-10,160127,南方新兴消费增长分级股票,0.1192
7,2017-11-10,162607,景顺长城资源垄断混合LOF,0.0607
7,2017-11-10,519023,海富通稳健添利债券C,0.5494
8,2017-07-01,50025,博时标普500ETF联接QDII,0.2535
8,2017-07-01,160127,南方新兴消费增长分级股票,0.0518
8,2017-07-01,160717,嘉实恒生中国企业QDII-LOF,0.2005
8,2017-07-01,160719,嘉实黄金QDII-FOF-LOF,0.0919
8,2017-07-01,162607,景顺长城资源垄断混合LOF,0.0191
8,2017-07-01,260116,景顺长城核心竞争力混合A,0.0517
8,2017-07-01,261001,景顺长城稳定收益债券A,0.3314
8,2017-08-18,307,易方达黄金ETF联接A,0.069
8,2017-08-18,413,国开岁月鎏金定开信用债C,0.0925
8,2017-08-18,50025,博时标普500ETF联接QDII,0.2426
8,2017-08-18,110031,易方达恒生国企联接QDII,0.1871
8,2017-08-18,160127,南方新兴消费增长分级股票,0.119
8,2017-08-18,162607,景顺长城资源垄断混合LOF,0.0529
8,2017-08-18,202102,南方多利增强债券C,0.2368
8,2017-11-10,307,易方达黄金ETF联接A,0.0499
8,2017-11-10,50025,博时标普500ETF联接QDII,0.2466
8,2017-11-10,110031,易方达恒生国企联接QDII,0.1198
8,2017-11-10,160127,南方新兴消费增长分级股票,0.1764
8,2017-11-10,162607,景顺长城资源垄断混合LOF,0.0805
8,2017-11-10,519023,海富通稳健添利债券C,0.3269
9,2017-07-01,50025,博时标普500ETF联接QDII,0.2535
9,2017-07-01,160127,南方新兴消费增长分级股票,0.0518
9,2017-07-01,160717,嘉实恒生中国企业QDII-LOF,0.2005
9,2017-07-01,160719,嘉实黄金QDII-FOF-LOF,0.0919
9,2017-07-01,162607,景顺长城资源垄断混合LOF,0.0191
9,2017-07-01,260116,景顺长城核心竞争力混合A,0.0517
9,2017-07-01,261001,景顺长城稳定收益债券A,0.3314
9,2017-08-18,307,易方达黄金ETF联接A,0.069
9,2017-08-18,413,国开岁月鎏金定开信用债C,0.0925
9,2017-08-18,50025,博时标普500ETF联接QDII,0.2426
9,2017-08-18,110031,易方达恒生国企联接QDII,0.1871
9,2017-08-18,160127,南方新兴消费增长分级股票,0.119
9,2017-08-18,162607,景顺长城资源垄断混合LOF,0.0529
9,2017-08-18,202102,南方多利增强债券C,0.2368
9,2017-11-10,307,易方达黄金ETF联接A,0.0499
9,2017-11-10,50025,博时标普500ETF联接QDII,0.2466
9,2017-11-10,110031,易方达恒生国企联接QDII,0.1199
9,2017-11-10,160127,南方新兴消费增长分级股票,0.1763
9,2017-11-10,162607,景顺长城资源垄断混合LOF,0.0806
9,2017-11-10,202102,南方多利增强债券C,0
9,2017-11-10,519023,海富通稳健添利债券C,0.3268
10,2017-07-01,50025,博时标普500ETF联接QDII,0.1487
10,2017-07-01,160127,南方新兴消费增长分级股票,0.0691
10,2017-07-01,160717,嘉实恒生中国企业QDII-LOF,0.1673
10,2017-07-01,160719,嘉实黄金QDII-FOF-LOF,0.0502
10,2017-07-01,162607,景顺长城资源垄断混合LOF,0.0128
10,2017-07-01,261001,景顺长城稳定收益债券A,0.5518
10,2017-08-18,307,易方达黄金ETF联接A,0.041
10,2017-08-18,413,国开岁月鎏金定开信用债C,0.1196
10,2017-08-18,50025,博时标普500ETF联接QDII,0.1485
10,2017-08-18,110031,易方达恒生国企联接QDII,0.1464
10,2017-08-18,160127,南方新兴消费增长分级股票,0.0784
10,2017-08-18,162607,景顺长城资源垄断混合LOF,0.0354
10,2017-08-18,202102,南方多利增强债券C,0.4308
10,2017-11-10,307,易方达黄金ETF联接A,0.0321
10,2017-11-10,50025,博时标普500ETF联接QDII,0.1573
10,2017-11-10,110031,易方达恒生国企联接QDII,0.0813
10,2017-11-10,160127,南方新兴消费增长分级股票,0.1191
10,2017-11-10,162607,景顺长城资源垄断混合LOF,0.0607
10,2017-11-10,202102,南方多利增强债券C,0
10,2017-11-10,519023,海富通稳健添利债券C,0.5493
11,2017-07-01,50025,博时标普500ETF联接QDII,0.1487
11,2017-07-01,160127,南方新兴消费增长分级股票,0.0691
11,2017-07-01,160717,嘉实恒生中国企业QDII-LOF,0.1673
11,2017-07-01,160719,嘉实黄金QDII-FOF-LOF,0.0502
11,2017-07-01,162607,景顺长城资源垄断混合LOF,0.0128
11,2017-07-01,261001,景顺长城稳定收益债券A,0.5518
11,2017-08-18,307,易方达黄金ETF联接A,0.041
11,2017-08-18,413,国开岁月鎏金定开信用债C,0.1196
11,2017-08-18,50025,博时标普500ETF联接QDII,0.1485
11,2017-08-18,110031,易方达恒生国企联接QDII,0.1464
11,2017-08-18,160127,南方新兴消费增长分级股票,0.0784
11,2017-08-18,162607,景顺长城资源垄断混合LOF,0.0354
11,2017-08-18,202102,南方多利增强债券C,0.4308
11,2017-11-10,307,易方达黄金ETF联接A,0.0321
11,2017-11-10,50025,博时标普500ETF联接QDII,0.1573
11,2017-11-10,110031,易方达恒生国企联接QDII,0.0813
11,2017-11-10,160127,南方新兴消费增长分级股票,0.1191
11,2017-11-10,162607,景顺长城资源垄断混合LOF,0.0607
11,2017-11-10,202102,南方多利增强债券C,0
11,2017-11-10,519023,海富通稳健添利债券C,0.5493
12,2017-07-01,50025,博时标普500ETF联接QDII,0.1486
12,2017-07-01,160127,南方新兴消费增长分级股票,0.0691
12,2017-07-01,160717,嘉实恒生中国企业QDII-LOF,0.1561
12,2017-07-01,160719,嘉实黄金QDII-FOF-LOF,0.0616
12,2017-07-01,162607,景顺长城资源垄断混合LOF,0.0128
12,2017-07-01,261001,景顺长城稳定收益债券A,0.5518
12,2017-08-18,307,易方达黄金ETF联接A,0.0409
12,2017-08-18,413,国开岁月鎏金定开信用债C,0.1122
12,2017-08-18,50025,博时标普500ETF联接QDII,0.1485
12,2017-08-18,110031,易方达恒生国企联接QDII,0.1465
12,2017-08-18,160127,南方新兴消费增长分级股票,0.0783
12,2017-08-18,162607,景顺长城资源垄断混合LOF,0.0354
12,2017-08-18,202102,南方多利增强债券C,0.4382
12,2017-11-10,307,易方达黄金ETF联接A,0.0321
12,2017-11-10,50025,博时标普500ETF联接QDII,0.1573
12,2017-11-10,110031,易方达恒生国企联接QDII,0.0814
12,2017-11-10,160127,南方新兴消费增长分级股票,0.1193
12,2017-11-10,162607,景顺长城资源垄断混合LOF,0.0607
12,2017-11-10,202102,南方多利增强债券C,0
12,2017-11-10,519023,海富通稳健添利债券C,0.5493
13,2017-07-01,50025,博时标普500ETF联接QDII,0.0534
13,2017-07-01,160127,南方新兴消费增长分级股票,0.028
13,2017-07-01,160717,嘉实恒生中国企业QDII-LOF,0.1102
13,2017-07-01,160719,嘉实黄金QDII-FOF-LOF,0.029
13,2017-07-01,162607,景顺长城资源垄断混合LOF,0.0081
13,2017-07-01,261001,景顺长城稳定收益债券A,0.7713
13,2017-08-18,307,易方达黄金ETF联接A,0.0174
13,2017-08-18,413,国开岁月鎏金定开信用债C,0.0882
13,2017-08-18,50025,博时标普500ETF联接QDII,0.0594
13,2017-08-18,110031,易方达恒生国企联接QDII,0.0997
13,2017-08-18,160127,南方新兴消费增长分级股票,0.0364
13,2017-08-18,162607,景顺长城资源垄断混合LOF,0.0166
13,2017-08-18,202102,南方多利增强债券C,0.6823
13,2017-11-10,307,易方达黄金ETF联接A,0.0113
13,2017-11-10,50025,博时标普500ETF联接QDII,0.0692
13,2017-11-10,110031,易方达恒生国企联接QDII,0.0588
13,2017-11-10,160127,南方新兴消费增长分级股票,0.0671
13,2017-11-10,162607,景顺长城资源垄断混合LOF,0.0239
13,2017-11-10,519023,海富通稳健添利债券C,0.7696
14,2017-07-01,50025,博时标普500ETF联接QDII,0.2535
14,2017-07-01,160127,南方新兴消费增长分级股票,0.0518
14,2017-07-01,160717,嘉实恒生中国企业QDII-LOF,0.2005
14,2017-07-01,160719,嘉实黄金QDII-FOF-LOF,0.0919
14,2017-07-01,162607,景顺长城资源垄断混合LOF,0.0191
14,2017-07-01,260116,景顺长城核心竞争力混合A,0.0517
14,2017-07-01,261001,景顺长城稳定收益债券A,0.3314
14,2017-08-18,307,易方达黄金ETF联接A,0.069
14,2017-08-18,413,国开岁月鎏金定开信用债C,0.0925
14,2017-08-18,50025,博时标普500ETF联接QDII,0.2426
14,2017-08-18,110031,易方达恒生国企联接QDII,0.1871
14,2017-08-18,160127,南方新兴消费增长分级股票,0.119
14,2017-08-18,162607,景顺长城资源垄断混合LOF,0.0529
14,2017-08-18,202102,南方多利增强债券C,0.2368
14,2017-11-10,307,易方达黄金ETF联接A,0.0499
14,2017-11-10,50025,博时标普500ETF联接QDII,0.2466
14,2017-11-10,110031,易方达恒生国企联接QDII,0.1199
14,2017-11-10,160127,南方新兴消费增长分级股票,0.1763
14,2017-11-10,162607,景顺长城资源垄断混合LOF,0.0805
14,2017-11-10,519023,海富通稳健添利债券C,0.3269
15,2017-07-01,50025,博时标普500ETF联接QDII,0.1486
15,2017-07-01,160127,南方新兴消费增长分级股票,0.0691
15,2017-07-01,160717,嘉实恒生中国企业QDII-LOF,0.1561
15,2017-07-01,160719,嘉实黄金QDII-FOF-LOF,0.0616
15,2017-07-01,162607,景顺长城资源垄断混合LOF,0.0128
15,2017-07-01,261001,景顺长城稳定收益债券A,0.5518
15,2017-08-18,307,易方达黄金ETF联接A,0.0409
15,2017-08-18,413,国开岁月鎏金定开信用债C,0.1122
15,2017-08-18,50025,博时标普500ETF联接QDII,0.1485
15,2017-08-18,110031,易方达恒生国企联接QDII,0.1463
15,2017-08-18,160127,南方新兴消费增长分级股票,0.0783
15,2017-08-18,162607,景顺长城资源垄断混合LOF,0.0355
15,2017-08-18,202102,南方多利增强债券C,0.4382
15,2017-11-10,307,易方达黄金ETF联接A,0.0321
15,2017-11-10,50025,博时标普500ETF联接QDII,0.1573
15,2017-11-10,110031,易方达恒生国企联接QDII,0.0814
15,2017-11-10,160127,南方新兴消费增长分级股票,0.1192
15,2017-11-10,162607,景顺长城资源垄断混合LOF,0.0607
15,2017-11-10,202102,南方多利增强债券C,0
15,2017-11-10,519023,海富通稳健添利债券C,0.5495
16,2017-07-01,70008,嘉实货币A,1
17,2017-07-01,50025,博时标普500ETF联接QDII,0.0534
17,2017-07-01,160127,南方新兴消费增长分级股票,0.028
17,2017-07-01,160717,嘉实恒生中国企业QDII-LOF,0.1102
17,2017-07-01,160719,嘉实黄金QDII-FOF-LOF,0.029
17,2017-07-01,162607,景顺长城资源垄断混合LOF,0.0081
17,2017-07-01,261001,景顺长城稳定收益债券A,0.7713
17,2017-08-18,307,易方达黄金ETF联接A,0.0173
17,2017-08-18,413,国开岁月鎏金定开信用债C,0.0883
17,2017-08-18,50025,博时标普500ETF联接QDII,0.0594
17,2017-08-18,110031,易方达恒生国企联接QDII,0.0999
17,2017-08-18,160127,南方新兴消费增长分级股票,0.0364
17,2017-08-18,162607,景顺长城资源垄断混合LOF,0.0165
17,2017-08-18,202102,南方多利增强债券C,0.6823
17,2017-11-10,307,易方达黄金ETF联接A,0.0114
17,2017-11-10,50025,博时标普500ETF联接QDII,0.0692
17,2017-11-10,110031,易方达恒生国企联接QDII,0.0589
17,2017-11-10,160127,南方新兴消费增长分级股票,0.0669
17,2017-11-10,162607,景顺长城资源垄断混合LOF,0.024
17,2017-11-10,519023,海富通稳健添利债券C,0.7698
18,2017-07-01,50025,博时标普500ETF联接QDII,0.3795
18,2017-07-01,160127,南方新兴消费增长分级股票,0.1625
18,2017-07-01,160717,嘉实恒生中国企业QDII-LOF,0.2789
18,2017-07-01,160719,嘉实黄金QDII-FOF-LOF,0.1469
18,2017-07-01,162607,景顺长城资源垄断混合LOF,0.0321
18,2017-08-18,307,易方达黄金ETF联接A,0.1035
18,2017-08-18,50025,博时标普500ETF联接QDII,0.3432
18,2017-08-18,110031,易方达恒生国企联接QDII,0.262
18,2017-08-18,160127,南方新兴消费增长分级股票,0.2049
18,2017-08-18,162607,景顺长城资源垄断混合LOF,0.0864
19,2017-07-01,50025,博时标普500ETF联接QDII,0.1485
19,2017-07-01,160127,南方新兴消费增长分级股票,0.0692
19,2017-07-01,160717,嘉实恒生中国企业QDII-LOF,0.1558
19,2017-07-01,160719,嘉实黄金QDII-FOF-LOF,0.0618
19,2017-07-01,162607,景顺长城资源垄断混合LOF,0.013
19,2017-07-01,261001,景顺长城稳定收益债券A,0.5517
19,2017-08-18,413,国开岁月鎏金定开信用债C,0.1132
19,2017-08-18,50025,博时标普500ETF联接QDII,0.1647
19,2017-08-18,110031,易方达恒生国企联接QDII,0.1513
19,2017-08-18,160127,南方新兴消费增长分级股票,0.0859
19,2017-08-18,162607,景顺长城资源垄断混合LOF,0.0367
19,2017-08-18,202102,南方多利增强债券C,0.4482
19,2017-11-10,50025,博时标普500ETF联接QDII,0.158
19,2017-11-10,70009,嘉实超短债债券,0.0121
19,2017-11-10,110031,易方达恒生国企联接QDII,0.0826
19,2017-11-10,160127,南方新兴消费增长分级股票,0.1199
19,2017-11-10,162607,景顺长城资源垄断混合LOF,0.0623
19,2017-11-10,202102,南方多利增强债券C,0
19,2017-11-10,519023,海富通稳健添利债券C,0.5653
20,2017-07-01,50025,博时标普500ETF联接QDII,0.1613
20,2017-07-01,160127,南方新兴消费增长分级股票,0.0813
20,2017-07-01,160717,嘉实恒生中国企业QDII-LOF,0.168
20,2017-07-01,162607,景顺长城资源垄断混合LOF,0.0252
20,2017-07-01,261001,景顺长城稳定收益债券A,0.5642
20,2017-08-18,413,国开岁月鎏金定开信用债C,0.1186
20,2017-08-18,50025,博时标普500ETF联接QDII,0.1572
20,2017-08-18,110031,易方达恒生国企联接QDII,0.1595
20,2017-08-18,160127,南方新兴消费增长分级股票,0.0802
20,2017-08-18,162607,景顺长城资源垄断混合LOF,0.0401
20,2017-08-18,202102,南方多利增强债券C,0.4445
20,2017-11-10,50025,博时标普500ETF联接QDII,0.1692
20,2017-11-10,70009,嘉实超短债债券,0.0189
20,2017-11-10,110031,易方达恒生国企联接QDII,0.0825
20,2017-11-10,160127,南方新兴消费增长分级股票,0.1185
20,2017-11-10,162607,景顺长城资源垄断混合LOF,0.0612
20,2017-11-10,519023,海富通稳健添利债券C,0.5497
21,2017-07-01,160127,南方新兴消费增长分级股票,0.0482
21,2017-07-01,160717,嘉实恒生中国企业QDII-LOF,0.1306
21,2017-07-01,162607,景顺长城资源垄断混合LOF,0.0287
21,2017-07-01,261001,景顺长城稳定收益债券A,0.7925
21,2017-08-18,160127,南方新兴消费增长分级股票,0.0366
21,2017-08-18,162607,景顺长城资源垄断混合LOF,0.0898
21,2017-08-18,202102,南方多利增强债券C,0.8736
21,2017-11-10,160127,南方新兴消费增长分级股票,0.1115
21,2017-11-10,162607,景顺长城资源垄断混合LOF,0.0699
21,2017-11-10,519023,海富通稳健添利债券C,0.8186
22,2017-07-01,50025,博时标普500ETF联接QDII,0.0592
22,2017-07-01,160127,南方新兴消费增长分级股票,0.0339
22,2017-07-01,160717,嘉实恒生中国企业QDII-LOF,0.1158
22,2017-07-01,162607,景顺长城资源垄断混合LOF,0.0138
22,2017-07-01,261001,景顺长城稳定收益债券A,0.7773
22,2017-08-18,413,国开岁月鎏金定开信用债C,0.0962
22,2017-08-18,50025,博时标普500ETF联接QDII,0.0631
22,2017-08-18,110031,易方达恒生国企联接QDII,0.1051
22,2017-08-18,160127,南方新兴消费增长分级股票,0.0406
22,2017-08-18,162607,景顺长城资源垄断混合LOF,0.0198
22,2017-08-18,202102,南方多利增强债券C,0.6752
22,2017-11-10,50025,博时标普500ETF联接QDII,0.072
22,2017-11-10,110031,易方达恒生国企联接QDII,0.0615
22,2017-11-10,160127,南方新兴消费增长分级股票,0.0688
22,2017-11-10,162607,景顺长城资源垄断混合LOF,0.0264
22,2017-11-10,519023,海富通稳健添利债券C,0.7713
23,2017-07-01,50025,博时标普500ETF联接QDII,0.2536
23,2017-07-01,160127,南方新兴消费增长分级股票,0.1036
23,2017-07-01,160717,嘉实恒生中国企业QDII-LOF,0.2003
23,2017-07-01,160719,嘉实黄金QDII-FOF-LOF,0.0919
23,2017-07-01,162607,景顺长城资源垄断混合LOF,0.0192
23,2017-07-01,261001,景顺长城稳定收益债券A,0.3314
23,2017-08-18,307,易方达黄金ETF联接A,0.0691
23,2017-08-18,413,国开岁月鎏金定开信用债C,0.1059
23,2017-08-18,50025,博时标普500ETF联接QDII,0.2425
23,2017-08-18,110031,易方达恒生国企联接QDII,0.1871
23,2017-08-18,160127,南方新兴消费增长分级股票,0.1191
23,2017-08-18,162607,景顺长城资源垄断混合LOF,0.0528
23,2017-08-18,202102,南方多利增强债券C,0.2235
23,2017-11-10,307,易方达黄金ETF联接A,0.0499
23,2017-11-10,50025,博时标普500ETF联接QDII,0.2454
23,2017-11-10,110031,易方达恒生国企联接QDII,0.1196
23,2017-11-10,160127,南方新兴消费增长分级股票,0.176
23,2017-11-10,162607,景顺长城资源垄断混合LOF,0.0807
23,2017-11-10,519023,海富通稳健添利债券C,0.3282
24,2017-07-01,50025,博时标普500ETF联接QDII,0.3795
24,2017-07-01,160127,南方新兴消费增长分级股票,0.1625
24,2017-07-01,160717,嘉实恒生中国企业QDII-LOF,0.279
24,2017-07-01,160719,嘉实黄金QDII-FOF-LOF,0.1469
24,2017-07-01,162607,景顺长城资源垄断混合LOF,0.032
24,2017-08-18,307,易方达黄金ETF联接A,0.1035
24,2017-08-18,50025,博时标普500ETF联接QDII,0.3431
24,2017-08-18,110031,易方达恒生国企联接QDII,0.2622
24,2017-08-18,160127,南方新兴消费增长分级股票,0.2049
24,2017-08-18,162607,景顺长城资源垄断混合LOF,0.0863
25,2017-07-01,50025,博时标普500ETF联接QDII,0.1486
25,2017-07-01,160127,南方新兴消费增长分级股票,0.0692
25,2017-07-01,160717,嘉实恒生中国企业QDII-LOF,0.156
25,2017-07-01,160719,嘉实黄金QDII-FOF-LOF,0.0616
25,2017-07-01,162607,景顺长城资源垄断混合LOF,0.0128
25,2017-07-01,261001,景顺长城稳定收益债券A,0.5518
25,2017-08-18,307,易方达黄金ETF联接A,0.0409
25,2017-08-18,413,国开岁月鎏金定开信用债C,0.1122
25,2017-08-18,50025,博时标普500ETF联接QDII,0.1485
25,2017-08-18,110031,易方达恒生国企联接QDII,0.1461
25,2017-08-18,160127,南方新兴消费增长分级股票,0.0784
25,2017-08-18,162607,景顺长城资源垄断混合LOF,0.0355
25,2017-08-18,202102,南方多利增强债券C,0.4383
25,2017-11-10,307,易方达黄金ETF联接A,0.032
25,2017-11-10,50025,博时标普500ETF联接QDII,0.1572
25,2017-11-10,110031,易方达恒生国企联接QDII,0.0814
25,2017-11-10,160127,南方新兴消费增长分级股票,0.1192
25,2017-11-10,162607,景顺长城资源垄断混合LOF,0.0608
25,2017-11-10,202102,南方多利增强债券C,0
25,2017-11-10,519023,海富通稳健添利债券C,0.5494
26,2017-07-01,70008,嘉实货币A,1
27,2017-07-01,50025,博时标普500ETF联接QDII,0.1486
27,2017-07-01,160127,南方新兴消费增长分级股票,0.0691
27,2017-07-01,160717,嘉实恒生中国企业QDII-LOF,0.1561
27,2017-07-01,160719,嘉实黄金QDII-FOF-LOF,0.0616
27,2017-07-01,162607,景顺长城资源垄断混合LOF,0.0128
27,2017-07-01,261001,景顺长城稳定收益债券A,0.5518
27,2017-08-18,307,易方达黄金ETF联接A,0.0409
27,2017-08-18,413,国开岁月鎏金定开信用债C,0.1122
27,2017-08-18,50025,博时标普500ETF联接QDII,0.1485
27,2017-08-18,110031,易方达恒生国企联接QDII,0.1463
27,2017-08-18,160127,南方新兴消费增长分级股票,0.0782
27,2017-08-18,162607,景顺长城资源垄断混合LOF,0.0355
27,2017-08-18,202102,南方多利增强债券C,0.4382
27,2017-11-10,307,易方达黄金ETF联接A,0.0321
27,2017-11-10,50025,博时标普500ETF联接QDII,0.1573
27,2017-11-10,110031,易方达恒生国企联接QDII,0.0814
27,2017-11-10,160127,南方新兴消费增长分级股票,0.1192
27,2017-11-10,162607,景顺长城资源垄断混合LOF,0.0607
27,2017-11-10,519023,海富通稳健添利债券C,0.5494
28,2017-07-01,50025,博时标普500ETF联接QDII,0.2535
28,2017-07-01,160127,南方新兴消费增长分级股票,0.0518
28,2017-07-01,160717,嘉实恒生中国企业QDII-LOF,0.2005
28,2017-07-01,160719,嘉实黄金QDII-FOF-LOF,0.0919
28,2017-07-01,162607,景顺长城资源垄断混合LOF,0.0191
28,2017-07-01,260116,景顺长城核心竞争力混合A,0.0517
28,2017-07-01,261001,景顺长城稳定收益债券A,0.3314
28,2017-08-18,307,易方达黄金ETF联接A,0.069
28,2017-08-18,413,国开岁月鎏金定开信用债C,0.0925
28,2017-08-18,50025,博时标普500ETF联接QDII,0.2426
28,2017-08-18,110031,易方达恒生国企联接QDII,0.1871
28,2017-08-18,160127,南方新兴消费增长分级股票,0.119
28,2017-08-18,162607,景顺长城资源垄断混合LOF,0.0529
28,2017-08-18,202102,南方多利增强债券C,0.2368
28,2017-11-10,307,易方达黄金ETF联接A,0.0499
28,2017-11-10,50025,博时标普500ETF联接QDII,0.2466
28,2017-11-10,110031,易方达恒生国企联接QDII,0.1198
28,2017-11-10,160127,南方新兴消费增长分级股票,0.1764
28,2017-11-10,162607,景顺长城资源垄断混合LOF,0.0805
28,2017-11-10,519023,海富通稳健添利债券C,0.3269
29,2017-07-01,50025,博时标普500ETF联接QDII,0.2535
29,2017-07-01,160127,南方新兴消费增长分级股票,0.0518
29,2017-07-01,160717,嘉实恒生中国企业QDII-LOF,0.2005
29,2017-07-01,160719,嘉实黄金QDII-FOF-LOF,0.0919
29,2017-07-01,162607,景顺长城资源垄断混合LOF,0.0191
29,2017-07-01,260116,景顺长城核心竞争力混合A,0.0517
29,2017-07-01,261001,景顺长城稳定收益债券A,0.3314
29,2017-08-18,307,易方达黄金ETF联接A,0.069
29,2017-08-18,413,国开岁月鎏金定开信用债C,0.0925
29,2017-08-18,50025,博时标普500ETF联接QDII,0.2426
29,2017-08-18,110031,易方达恒生国企联接QDII,0.1871
29,2017-08-18,160127,南方新兴消费增长分级股票,0.119
29,2017-08-18,162607,景顺长城资源垄断混合LOF,0.0529
29,2017-08-18,202102,南方多利增强债券C,0.2368
29,2017-11-10,307,易方达黄金ETF联接A,0.0499
29,2017-11-10,50025,博时标普500ETF联接QDII,0.2466
29,2017-11-10,110031,易方达恒生国企联接QDII,0.1199
29,2017-11-10,160127,南方新兴消费增长分级股票,0.1763
29,2017-11-10,162607,景顺长城资源垄断混合LOF,0.0806
29,2017-11-10,202102,南方多利增强债券C,0
29,2017-11-10,519023,海富通稳健添利债券C,0.3268
30,2017-07-01,50025,博时标普500ETF联接QDII,0.2536
30,2017-07-01,160127,南方新兴消费增长分级股票,0.0518
30,2017-07-01,160717,嘉实恒生中国企业QDII-LOF,0.2418
30,2017-07-01,160719,嘉实黄金QDII-FOF-LOF,0.0503
30,2017-07-01,162607,景顺长城资源垄断混合LOF,0.0191
30,2017-07-01,260116,景顺长城核心竞争力混合A,0.0518
30,2017-07-01,261001,景顺长城稳定收益债券A,0.3316
30,2017-08-18,307,易方达黄金ETF联接A,0.0691
30,2017-08-18,413,国开岁月鎏金定开信用债C,0.1108
30,2017-08-18,50025,博时标普500ETF联接QDII,0.2426
30,2017-08-18,110031,易方达恒生国企联接QDII,0.187
30,2017-08-18,160127,南方新兴消费增长分级股票,0.1191
30,2017-08-18,162607,景顺长城资源垄断混合LOF,0.0529
30,2017-08-18,202102,南方多利增强债券C,0.2185
30,2017-11-10,307,易方达黄金ETF联接A,0.0498
30,2017-11-10,50025,博时标普500ETF联接QDII,0.2466
30,2017-11-10,110031,易方达恒生国企联接QDII,0.1199
30,2017-11-10,160127,南方新兴消费增长分级股票,0.1763
30,2017-11-10,162607,景顺长城资源垄断混合LOF,0.0807
30,2017-11-10,202102,南方多利增强债券C,0
30,2017-11-10,519023,海富通稳健添利债券C,0.3269
31,2017-07-01,50025,博时标普500ETF联接QDII,0.1487
31,2017-07-01,160127,南方新兴消费增长分级股票,0.0691
31,2017-07-01,160717,嘉实恒生中国企业QDII-LOF,0.1673
31,2017-07-01,160719,嘉实黄金QDII-FOF-LOF,0.0502
31,2017-07-01,162607,景顺长城资源垄断混合LOF,0.0128
31,2017-07-01,261001,景顺长城稳定收益债券A,0.5518
31,2017-08-18,307,易方达黄金ETF联接A,0.041
31,2017-08-18,413,国开岁月鎏金定开信用债C,0.1196
31,2017-08-18,50025,博时标普500ETF联接QDII,0.1485
31,2017-08-18,110031,易方达恒生国企联接QDII,0.1464
31,2017-08-18,160127,南方新兴消费增长分级股票,0.0784
31,2017-08-18,162607,景顺长城资源垄断混合LOF,0.0354
31,2017-08-18,202102,南方多利增强债券C,0.4308
31,2017-11-10,307,易方达黄金ETF联接A,0.0321
31,2017-11-10,50025,博时标普500ETF联接QDII,0.1573
31,2017-11-10,110031,易方达恒生国企联接QDII,0.0813
31,2017-11-10,160127,南方新兴消费增长分级股票,0.1191
31,2017-11-10,162607,景顺长城资源垄断混合LOF,0.0607
31,2017-11-10,202102,南方多利增强债券C,0
31,2017-11-10,519023,海富通稳健添利债券C,0.5493
32,2017-07-01,50025,博时标普500ETF联接QDII,0.2535
32,2017-07-01,160127,南方新兴消费增长分级股票,0.0518
32,2017-07-01,160717,嘉实恒生中国企业QDII-LOF,0.2005
32,2017-07-01,160719,嘉实黄金QDII-FOF-LOF,0.0919
32,2017-07-01,162607,景顺长城资源垄断混合LOF,0.0191
32,2017-07-01,260116,景顺长城核心竞争力混合A,0.0517
32,2017-07-01,261001,景顺长城稳定收益债券A,0.3314
32,2017-08-18,307,易方达黄金ETF联接A,0.069
32,2017-08-18,413,国开岁月鎏金定开信用债C,0.0925
32,2017-08-18,50025,博时标普500ETF联接QDII,0.2426
32,2017-08-18,110031,易方达恒生国企联接QDII,0.1871
32,2017-08-18,160127,南方新兴消费增长分级股票,0.119
32,2017-08-18,162607,景顺长城资源垄断混合LOF,0.0529
32,2017-08-18,202102,南方多利增强债券C,0.2368
32,2017-11-10,307,易方达黄金ETF联接A,0.0499
32,2017-11-10,50025,博时标普500ETF联接QDII,0.2466
32,2017-11-10,110031,易方达恒生国企联接QDII,0.1199
32,2017-11-10,160127,南方新兴消费增长分级股票,0.1763
32,2017-11-10,162607,景顺长城资源垄断混合LOF,0.0806
32,2017-11-10,202102,南方多利增强债券C,0
32,2017-11-10,519023,海富通稳健添利债券C,0.3268
33,2017-07-01,50025,博时标普500ETF联接QDII,0.3795
33,2017-07-01,160127,南方新兴消费增长分级股票,0.0813
33,2017-07-01,160717,嘉实恒生中国企业QDII-LOF,0.2791
33,2017-07-01,160719,嘉实黄金QDII-FOF-LOF,0.1469
33,2017-07-01,162607,景顺长城资源垄断混合LOF,0.032
33,2017-07-01,260116,景顺长城核心竞争力混合A,0.0812
33,2017-08-18,307,易方达黄金ETF联接A,0.1036
33,2017-08-18,50025,博时标普500ETF联接QDII,0.3434
33,2017-08-18,110031,易方达恒生国企联接QDII,0.2625
33,2017-08-18,160127,南方新兴消费增长分级股票,0.0944
33,2017-08-18,162607,景顺长城资源垄断混合LOF,0.0865
33,2017-08-18,202021,南方小康ETF联接A,0.1098
33,2017-10-27,307,易方达黄金ETF联接A,0.0625
33,2017-10-27,50025,博时标普500ETF联接QDII,0.4022
33,2017-10-27,110003,易方达上证50指数A,0.0746
33,2017-10-27,110030,易方达沪深300量化增强,0.0493
33,2017-10-27,110031,易方达恒生国企联接QDII,0.196
33,2017-10-27,160127,南方新兴消费增长分级股票,0.0984
33,2017-10-27,162607,景顺长城资源垄断混合LOF,0.1168
33,2017-10-27,202021,南方小康ETF联接A,0
34,2017-07-01,50025,博时标普500ETF联接QDII,0.3795
34,2017-07-01,160127,南方新兴消费增长分级股票,0.0813
34,2017-07-01,160717,嘉实恒生中国企业QDII-LOF,0.2791
34,2017-07-01,160719,嘉实黄金QDII-FOF-LOF,0.1469
34,2017-07-01,162607,景顺长城资源垄断混合LOF,0.032
34,2017-07-01,260116,景顺长城核心竞争力混合A,0.0812
34,2017-08-18,307,易方达黄金ETF联接A,0.1034
34,2017-08-18,50025,博时标普500ETF联接QDII,0.3434
34,2017-08-18,110031,易方达恒生国企联接QDII,0.2625
34,2017-08-18,160127,南方新兴消费增长分级股票,0.0944
34,2017-08-18,162607,景顺长城资源垄断混合LOF,0.0865
34,2017-08-18,202021,南方小康ETF联接A,0.1098
34,2017-10-27,307,易方达黄金ETF联接A,0.0625
34,2017-10-27,50025,博时标普500ETF联接QDII,0.4021
34,2017-10-27,110003,易方达上证50指数A,0.0745
34,2017-10-27,110030,易方达沪深300量化增强,0.0493
34,2017-10-27,110031,易方达恒生国企联接QDII,0.1961
34,2017-10-27,160127,南方新兴消费增长分级股票,0.0985
34,2017-10-27,162607,景顺长城资源垄断混合LOF,0.1169
34,2017-10-27,202021,南方小康ETF联接A,0
35,2017-07-01,50025,博时标普500ETF联接QDII,0.2535
35,2017-07-01,160127,南方新兴消费增长分级股票,0.0518
35,2017-07-01,160717,嘉实恒生中国企业QDII-LOF,0.2005
35,2017-07-01,160719,嘉实黄金QDII-FOF-LOF,0.0919
35,2017-07-01,162607,景顺长城资源垄断混合LOF,0.0191
35,2017-07-01,260116,景顺长城核心竞争力混合A,0.0517
35,2017-07-01,261001,景顺长城稳定收益债券A,0.3314
35,2017-08-18,307,易方达黄金ETF联接A,0.0691
35,2017-08-18,413,国开岁月鎏金定开信用债C,0.0925
35,2017-08-18,50025,博时标普500ETF联接QDII,0.2426
35,2017-08-18,110031,易方达恒生国企联接QDII,0.187
35,2017-08-18,160127,南方新兴消费增长分级股票,0.1191
35,2017-08-18,162607,景顺长城资源垄断混合LOF,0.0528
35,2017-08-18,202102,南方多利增强债券C,0.2368
35,2017-11-10,307,易方达黄金ETF联接A,0.0499
35,2017-11-10,50025,博时标普500ETF联接QDII,0.2463
35,2017-11-10,110031,易方达恒生国企联接QDII,0.1199
35,2017-11-10,160127,南方新兴消费增长分级股票,0.1763
35,2017-11-10,162607,景顺长城资源垄断混合LOF,0.0806
35,2017-11-10,519023,海富通稳健添利债券C,0.3271
36,2017-07-01,50025,博时标普500ETF联接QDII,0.1486
36,2017-07-01,160127,南方新兴消费增长分级股票,0.0692
36,2017-07-01,160717,嘉实恒生中国企业QDII-LOF,0.156
36,2017-07-01,160719,嘉实黄金QDII-FOF-LOF,0.0616
36,2017-07-01,162607,景顺长城资源垄断混合LOF,0.0128
36,2017-07-01,261001,景顺长城稳定收益债券A,0.5518
36,2017-08-18,307,易方达黄金ETF联接A,0.0409
36,2017-08-18,413,国开岁月鎏金定开信用债C,0.1122
36,2017-08-18,50025,博时标普500ETF联接QDII,0.1485
36,2017-08-18,110031,易方达恒生国企联接QDII,0.1461
36,2017-08-18,160127,南方新兴消费增长分级股票,0.0784
36,2017-08-18,162607,景顺长城资源垄断混合LOF,0.0355
36,2017-08-18,202102,南方多利增强债券C,0.4383
36,2017-11-10,307,易方达黄金ETF联接A,0.032
36,2017-11-10,50025,博时标普500ETF联接QDII,0.1572
36,2017-11-10,110031,易方达恒生国企联接QDII,0.0814
36,2017-11-10,160127,南方新兴消费增长分级股票,0.1192
36,2017-11-10,162607,景顺长城资源垄断混合LOF,0.0608
36,2017-11-10,202102,南方多利增强债券C,0
36,2017-11-10,519023,海富通稳健添利债券C,0.5494
37,2017-07-01,50025,博时标普500ETF联接QDII,0.1486
37,2017-07-01,160127,南方新兴消费增长分级股票,0.0691
37,2017-07-01,160717,嘉实恒生中国企业QDII-LOF,0.1561
37,2017-07-01,160719,嘉实黄金QDII-FOF-LOF,0.0616
37,2017-07-01,162607,景顺长城资源垄断混合LOF,0.0128
37,2017-07-01,261001,景顺长城稳定收益债券A,0.5518
37,2017-08-18,307,易方达黄金ETF联接A,0.0409
37,2017-08-18,413,国开岁月鎏金定开信用债C,0.1122
37,2017-08-18,50025,博时标普500ETF联接QDII,0.1485
37,2017-08-18,110031,易方达恒生国企联接QDII,0.1464
37,2017-08-18,160127,南方新兴消费增长分级股票,0.0782
37,2017-08-18,162607,景顺长城资源垄断混合LOF,0.0355
37,2017-08-18,202102,南方多利增强债券C,0.4382
37,2017-11-10,307,易方达黄金ETF联接A,0.0321
37,2017-11-10,50025,博时标普500ETF联接QDII,0.1573
37,2017-11-10,110031,易方达恒生国企联接QDII,0.0814
37,2017-11-10,160127,南方新兴消费增长分级股票,0.1192
37,2017-11-10,162607,景顺长城资源垄断混合LOF,0.0607
37,2017-11-10,202102,南方多利增强债券C,0
37,2017-11-10,519023,海富通稳健添利债券C,0.5493
38,2017-07-01,50025,博时标普500ETF联接QDII,0.3795
38,2017-07-01,160127,南方新兴消费增长分级股票,0.1625
38,2017-07-01,160717,嘉实恒生中国企业QDII-LOF,0.2789
38,2017-07-01,160719,嘉实黄金QDII-FOF-LOF,0.1469
38,2017-07-01,162607,景顺长城资源垄断混合LOF,0.0321
38,2017-08-18,307,易方达黄金ETF联接A,0.1035
38,2017-08-18,50025,博时标普500ETF联接QDII,0.3432
38,2017-08-18,110031,易方达恒生国企联接QDII,0.262
38,2017-08-18,160127,南方新兴消费增长分级股票,0.2049
38,2017-08-18,162607,景顺长城资源垄断混合LOF,0.0864
39,2017-07-01,50025,博时标普500ETF联接QDII,0.3793
39,2017-07-01,160127,南方新兴消费增长分级股票,0.1627
39,2017-07-01,160717,嘉实恒生中国企业QDII-LOF,0.2787
39,2017-07-01,160719,嘉实黄金QDII-FOF-LOF,0.1471
39,2017-07-01,162607,景顺长城资源垄断混合LOF,0.0321
39,2017-08-18,307,易方达黄金ETF联接A,0.1033
39,2017-08-18,50025,博时标普500ETF联接QDII,0.3432
39,2017-08-18,110031,易方达恒生国企联接QDII,0.2621
39,2017-08-18,160127,南方新兴消费增长分级股票,0.2049
39,2017-08-18,162607,景顺长城资源垄断混合LOF,0.0865
40,2017-07-01,50025,博时标普500ETF联接QDII,0.1613
40,2017-07-01,160127,南方新兴消费增长分级股票,0.0813
40,2017-07-01,160717,嘉实恒生中国企业QDII-LOF,0.168
40,2017-07-01,162607,景顺长城资源垄断混合LOF,0.0252
40,2017-07-01,261001,景顺长城稳定收益债券A,0.5642
40,2017-08-18,413,国开岁月鎏金定开信用债C,0.1186
40,2017-08-18,50025,博时标普500ETF联接QDII,0.1572
40,2017-08-18,110031,易方达恒生国企联接QDII,0.1595
40,2017-08-18,160127,南方新兴消费增长分级股票,0.0802
40,2017-08-18,162607,景顺长城资源垄断混合LOF,0.0401
40,2017-08-18,202102,南方多利增强债券C,0.4445
40,2017-11-10,50025,博时标普500ETF联接QDII,0.1692
40,2017-11-10,70009,嘉实超短债债券,0.0189
40,2017-11-10,110031,易方达恒生国企联接QDII,0.0825
40,2017-11-10,160127,南方新兴消费增长分级股票,0.1185
40,2017-11-10,162607,景顺长城资源垄断混合LOF,0.0612
40,2017-11-10,519023,海富通稳健添利债券C,0.5497
41,2017-07-01,50025,博时标普500ETF联接QDII,0.1613
41,2017-07-01,160127,南方新兴消费增长分级股票,0.0813
41,2017-07-01,160717,嘉实恒生中国企业QDII-LOF,0.168
41,2017-07-01,162607,景顺长城资源垄断混合LOF,0.0252
41,2017-07-01,261001,景顺长城稳定收益债券A,0.5642
41,2017-08-18,413,国开岁月鎏金定开信用债C,0.1186
41,2017-08-18,50025,博时标普500ETF联接QDII,0.1572
41,2017-08-18,110031,易方达恒生国企联接QDII,0.1595
41,2017-08-18,160127,南方新兴消费增长分级股票,0.0802
41,2017-08-18,162607,景顺长城资源垄断混合LOF,0.0401
41,2017-08-18,202102,南方多利增强债券C,0.4445
41,2017-11-10,50025,博时标普500ETF联接QDII,0.1692
41,2017-11-10,70009,嘉实超短债债券,0.0189
41,2017-11-10,110031,易方达恒生国企联接QDII,0.0825
41,2017-11-10,160127,南方新兴消费增长分级股票,0.1185
41,2017-11-10,162607,景顺长城资源垄断混合LOF,0.0612
41,2017-11-10,519023,海富通稳健添利债券C,0.5497
42,2017-07-01,50025,博时标普500ETF联接QDII,0.1485
42,2017-07-01,160127,南方新兴消费增长分级股票,0.0692
42,2017-07-01,160717,嘉实恒生中国企业QDII-LOF,0.1558
42,2017-07-01,160719,嘉实黄金QDII-FOF-LOF,0.0618
42,2017-07-01,162607,景顺长城资源垄断混合LOF,0.013
42,2017-07-01,261001,景顺长城稳定收益债券A,0.5517
42,2017-08-18,413,国开岁月鎏金定开信用债C,0.1132
42,2017-08-18,50025,博时标普500ETF联接QDII,0.1647
42,2017-08-18,110031,易方达恒生国企联接QDII,0.1513
42,2017-08-18,160127,南方新兴消费增长分级股票,0.0859
42,2017-08-18,162607,景顺长城资源垄断混合LOF,0.0367
42,2017-08-18,202102,南方多利增强债券C,0.4482
42,2017-11-10,50025,博时标普500ETF联接QDII,0.158
42,2017-11-10,70009,嘉实超短债债券,0.0121
42,2017-11-10,110031,易方达恒生国企联接QDII,0.0826
42,2017-11-10,160127,南方新兴消费增长分级股票,0.1199
42,2017-11-10,162607,景顺长城资源垄断混合LOF,0.0623
42,2017-11-10,202102,南方多利增强债券C,0
42,2017-11-10,519023,海富通稳健添利债券C,0.5653
43,2017-07-01,50025,博时标普500ETF联接QDII,0.3795
43,2017-07-01,160127,南方新兴消费增长分级股票,0.1625
43,2017-07-01,160717,嘉实恒生中国企业QDII-LOF,0.2789
43,2017-07-01,160719,嘉实黄金QDII-FOF-LOF,0.1469
43,2017-07-01,162607,景顺长城资源垄断混合LOF,0.0321
43,2017-08-18,307,易方达黄金ETF联接A,0.1035
43,2017-08-18,50025,博时标普500ETF联接QDII,0.3432
43,2017-08-18,110031,易方达恒生国企联接QDII,0.262
43,2017-08-18,160127,南方新兴消费增长分级股票,0.2049
43,2017-08-18,162607,景顺长城资源垄断混合LOF,0.0864
44,2017-07-01,50025,博时标普500ETF联接QDII,0.3795
44,2017-07-01,160127,南方新兴消费增长分级股票,0.1625
44,2017-07-01,160717,嘉实恒生中国企业QDII-LOF,0.279
44,2017-07-01,160719,嘉实黄金QDII-FOF-LOF,0.1469
44,2017-07-01,162607,景顺长城资源垄断混合LOF,0.032
44,2017-08-18,307,易方达黄金ETF联接A,0.1035
44,2017-08-18,50025,博时标普500ETF联接QDII,0.3431
44,2017-08-18,110031,易方达恒生国企联接QDII,0.2622
44,2017-08-18,160127,南方新兴消费增长分级股票,0.2049
44,2017-08-18,162607,景顺长城资源垄断混合LOF,0.0863
45,2017-07-01,50025,博时标普500ETF联接QDII,0.3795
45,2017-07-01,160127,南方新兴消费增长分级股票,0.0813
45,2017-07-01,160717,嘉实恒生中国企业QDII-LOF,0.279
45,2017-07-01,160719,嘉实黄金QDII-FOF-LOF,0.1469
45,2017-07-01,162607,景顺长城资源垄断混合LOF,0.032
45,2017-07-01,260116,景顺长城核心竞争力混合A,0.0812
45,2017-08-18,307,易方达黄金ETF联接A,0.1035
45,2017-08-18,50025,博时标普500ETF联接QDII,0.3434
45,2017-08-18,110031,易方达恒生国企联接QDII,0.2623
45,2017-08-18,160127,南方新兴消费增长分级股票,0.0944
45,2017-08-18,162607,景顺长城资源垄断混合LOF,0.0866
45,2017-08-18,202021,南方小康ETF联接A,0.1099
45,2017-10-27,307,易方达黄金ETF联接A,0.0625
45,2017-10-27,50025,博时标普500ETF联接QDII,0.4022
45,2017-10-27,110003,易方达上证50指数A,0.0746
45,2017-10-27,110030,易方达沪深300量化增强,0.0493
45,2017-10-27,110031,易方达恒生国企联接QDII,0.1961
45,2017-10-27,160127,南方新兴消费增长分级股票,0.0984
45,2017-10-27,162607,景顺长城资源垄断混合LOF,0.1169
45,2017-10-27,202021,南方小康ETF联接A,0
46,2017-07-01,70008,嘉实货币A,1
47,2017-07-01,50025,博时标普500ETF联接QDII,0.2535
47,2017-07-01,160127,南方新兴消费增长分级股票,0.0518
47,2017-07-01,160717,嘉实恒生中国企业QDII-LOF,0.2005
47,2017-07-01,160719,嘉实黄金QDII-FOF-LOF,0.0919
47,2017-07-01,162607,景顺长城资源垄断混合LOF,0.0191
47,2017-07-01,260116,景顺长城核心竞争力混合A,0.0517
47,2017-07-01,261001,景顺长城稳定收益债券A,0.3314
47,2017-08-18,307,易方达黄金ETF联接A,0.069
47,2017-08-18,413,国开岁月鎏金定开信用债C,0.0925
47,2017-08-18,50025,博时标普500ETF联接QDII,0.2426
47,2017-08-18,110031,易方达恒生国企联接QDII,0.1871
47,2017-08-18,160127,南方新兴消费增长分级股票,0.119
47,2017-08-18,162607,景顺长城资源垄断混合LOF,0.0529
47,2017-08-18,202102,南方多利增强债券C,0.2368
47,2017-11-10,307,易方达黄金ETF联接A,0.0499
47,2017-11-10,50025,博时标普500ETF联接QDII,0.2466
47,2017-11-10,110031,易方达恒生国企联接QDII,0.1199
47,2017-11-10,160127,南方新兴消费增长分级股票,0.1763
47,2017-11-10,162607,景顺长城资源垄断混合LOF,0.0805
47,2017-11-10,519023,海富通稳健添利债券C,0.3269
48,2017-07-01,50025,博时标普500ETF联接QDII,0.3795
48,2017-07-01,160127,南方新兴消费增长分级股票,0.0813
48,2017-07-01,160717,嘉实恒生中国企业QDII-LOF,0.2791
48,2017-07-01,160719,嘉实黄金QDII-FOF-LOF,0.1469
48,2017-07-01,162607,景顺长城资源垄断混合LOF,0.032
48,2017-07-01,260116,景顺长城核心竞争力混合A,0.0812
48,2017-08-18,307,易方达黄金ETF联接A,0.1036
48,2017-08-18,50025,博时标普500ETF联接QDII,0.3434
48,2017-08-18,110031,易方达恒生国企联接QDII,0.2625
48,2017-08-18,160127,南方新兴消费增长分级股票,0.0944
48,2017-08-18,162607,景顺长城资源垄断混合LOF,0.0865
48,2017-08-18,202021,南方小康ETF联接A,0.1098
48,2017-10-27,307,易方达黄金ETF联接A,0.0625
48,2017-10-27,50025,博时标普500ETF联接QDII,0.4022
48,2017-10-27,110003,易方达上证50指数A,0.0746
48,2017-10-27,110030,易方达沪深300量化增强,0.0493
48,2017-10-27,110031,易方达恒生国企联接QDII,0.196
48,2017-10-27,160127,南方新兴消费增长分级股票,0.0984
48,2017-10-27,162607,景顺长城资源垄断混合LOF,0.1168
48,2017-10-27,202021,南方小康ETF联接A,0
49,2017-07-01,50025,博时标普500ETF联接QDII,0.2535
49,2017-07-01,160127,南方新兴消费增长分级股票,0.0518
49,2017-07-01,160717,嘉实恒生中国企业QDII-LOF,0.2005
49,2017-07-01,160719,嘉实黄金QDII-FOF-LOF,0.0919
49,2017-07-01,162607,景顺长城资源垄断混合LOF,0.0191
49,2017-07-01,260116,景顺长城核心竞争力混合A,0.0517
49,2017-07-01,261001,景顺长城稳定收益债券A,0.3314
49,2017-08-18,307,易方达黄金ETF联接A,0.069
49,2017-08-18,413,国开岁月鎏金定开信用债C,0.0925
49,2017-08-18,50025,博时标普500ETF联接QDII,0.2426
49,2017-08-18,110031,易方达恒生国企联接QDII,0.1871
49,2017-08-18,160127,南方新兴消费增长分级股票,0.119
49,2017-08-18,162607,景顺长城资源垄断混合LOF,0.0529
49,2017-08-18,202102,南方多利增强债券C,0.2368
49,2017-11-10,307,易方达黄金ETF联接A,0.0499
49,2017-11-10,50025,博时标普500ETF联接QDII,0.2466
49,2017-11-10,110031,易方达恒生国企联接QDII,0.1199
49,2017-11-10,160127,南方新兴消费增长分级股票,0.1763
49,2017-11-10,162607,景顺长城资源垄断混合LOF,0.0806
49,2017-11-10,202102,南方多利增强债券C,0
49,2017-11-10,519023,海富通稳健添利债券C,0.3268
50,2017-07-01,50025,博时标普500ETF联接QDII,0.2536
50,2017-07-01,160127,南方新兴消费增长分级股票,0.0518
50,2017-07-01,160717,嘉实恒生中国企业QDII-LOF,0.2418
50,2017-07-01,160719,嘉实黄金QDII-FOF-LOF,0.0503
50,2017-07-01,162607,景顺长城资源垄断混合LOF,0.0191
50,2017-07-01,260116,景顺长城核心竞争力混合A,0.0518
50,2017-07-01,261001,景顺长城稳定收益债券A,0.3316
50,2017-08-18,307,易方达黄金ETF联接A,0.0691
50,2017-08-18,413,国开岁月鎏金定开信用债C,0.1108
50,2017-08-18,50025,博时标普500ETF联接QDII,0.2426
50,2017-08-18,110031,易方达恒生国企联接QDII,0.187
50,2017-08-18,160127,南方新兴消费增长分级股票,0.1191
50,2017-08-18,162607,景顺长城资源垄断混合LOF,0.0529
50,2017-08-18,202102,南方多利增强债券C,0.2185
50,2017-11-10,307,易方达黄金ETF联接A,0.0498
50,2017-11-10,50025,博时标普500ETF联接QDII,0.2466
50,2017-11-10,110031,易方达恒生国企联接QDII,0.1199
50,2017-11-10,160127,南方新兴消费增长分级股票,0.1763
50,2017-11-10,162607,景顺长城资源垄断混合LOF,0.0807
50,2017-11-10,202102,南方多利增强债券C,0
50,2017-11-10,519023,海富通稳健添利债券C,0.3269
51,2017-07-01,50025,博时标普500ETF联接QDII,0.1487
51,2017-07-01,160127,南方新兴消费增长分级股票,0.0691
51,2017-07-01,160717,嘉实恒生中国企业QDII-LOF,0.1673
51,2017-07-01,160719,嘉实黄金QDII-FOF-LOF,0.0502
51,2017-07-01,162607,景顺长城资源垄断混合LOF,0.0128
51,2017-07-01,261001,景顺长城稳定收益债券A,0.5518
51,2017-08-18,307,易方达黄金ETF联接A,0.041
51,2017-08-18,413,国开岁月鎏金定开信用债C,0.1196
51,2017-08-18,50025,博时标普500ETF联接QDII,0.1485
51,2017-08-18,110031,易方达恒生国企联接QDII,0.1464
51,2017-08-18,160127,南方新兴消费增长分级股票,0.0784
51,2017-08-18,162607,景顺长城资源垄断混合LOF,0.0354
51,2017-08-18,202102,南方多利增强债券C,0.4308
51,2017-11-10,307,易方达黄金ETF联接A,0.0321
51,2017-11-10,50025,博时标普500ETF联接QDII,0.1573
51,2017-11-10,110031,易方达恒生国企联接QDII,0.0813
51,2017-11-10,160127,南方新兴消费增长分级股票,0.1191
51,2017-11-10,162607,景顺长城资源垄断混合LOF,0.0607
51,2017-11-10,202102,南方多利增强债券C,0
51,2017-11-10,519023,海富通稳健添利债券C,0.5493
52,2017-07-01,50025,博时标普500ETF联接QDII,0.1486
52,2017-07-01,160127,南方新兴消费增长分级股票,0.0691
52,2017-07-01,160717,嘉实恒生中国企业QDII-LOF,0.1561
52,2017-07-01,160719,嘉实黄金QDII-FOF-LOF,0.0616
52,2017-07-01,162607,景顺长城资源垄断混合LOF,0.0128
52,2017-07-01,261001,景顺长城稳定收益债券A,0.5518
52,2017-08-18,307,易方达黄金ETF联接A,0.0409
52,2017-08-18,413,国开岁月鎏金定开信用债C,0.1122
52,2017-08-18,50025,博时标普500ETF联接QDII,0.1485
52,2017-08-18,110031,易方达恒生国企联接QDII,0.1465
52,2017-08-18,160127,南方新兴消费增长分级股票,0.0783
52,2017-08-18,162607,景顺长城资源垄断混合LOF,0.0354
52,2017-08-18,202102,南方多利增强债券C,0.4382
52,2017-11-10,307,易方达黄金ETF联接A,0.0321
52,2017-11-10,50025,博时标普500ETF联接QDII,0.1573
52,2017-11-10,110031,易方达恒生国企联接QDII,0.0814
52,2017-11-10,160127,南方新兴消费增长分级股票,0.1193
52,2017-11-10,162607,景顺长城资源垄断混合LOF,0.0607
52,2017-11-10,202102,南方多利增强债券C,0
52,2017-11-10,519023,海富通稳健添利债券C,0.5493
53,2017-07-01,50025,博时标普500ETF联接QDII,0.2535
53,2017-07-01,160127,南方新兴消费增长分级股票,0.0518
53,2017-07-01,160717,嘉实恒生中国企业QDII-LOF,0.2005
53,2017-07-01,160719,嘉实黄金QDII-FOF-LOF,0.0919
53,2017-07-01,162607,景顺长城资源垄断混合LOF,0.0191
53,2017-07-01,260116,景顺长城核心竞争力混合A,0.0517
53,2017-07-01,261001,景顺长城稳定收益债券A,0.3314
53,2017-08-18,307,易方达黄金ETF联接A,0.069
53,2017-08-18,413,国开岁月鎏金定开信用债C,0.0925
53,2017-08-18,50025,博时标普500ETF联接QDII,0.2426
53,2017-08-18,110031,易方达恒生国企联接QDII,0.1871
53,2017-08-18,160127,南方新兴消费增长分级股票,0.119
53,2017-08-18,162607,景顺长城资源垄断混合LOF,0.0529
53,2017-08-18,202102,南方多利增强债券C,0.2368
53,2017-11-10,307,易方达黄金ETF联接A,0.0499
53,2017-11-10,50025,博时标普500ETF联接QDII,0.2466
53,2017-11-10,110031,易方达恒生国企联接QDII,0.1198
53,2017-11-10,160127,南方新兴消费增长分级股票,0.1764
53,2017-11-10,162607,景顺长城资源垄断混合LOF,0.0805
53,2017-11-10,519023,海富通稳健添利债券C,0.3269
54,2017-07-01,50025,博时标普500ETF联接QDII,0.3795
54,2017-07-01,160127,南方新兴消费增长分级股票,0.0813
54,2017-07-01,160717,嘉实恒生中国企业QDII-LOF,0.2791
54,2017-07-01,160719,嘉实黄金QDII-FOF-LOF,0.1469
54,2017-07-01,162607,景顺长城资源垄断混合LOF,0.032
54,2017-07-01,260116,景顺长城核心竞争力混合A,0.0812
54,2017-08-18,307,易方达黄金ETF联接A,0.1034
54,2017-08-18,50025,博时标普500ETF联接QDII,0.3434
54,2017-08-18,110031,易方达恒生国企联接QDII,0.2625
54,2017-08-18,160127,南方新兴消费增长分级股票,0.0944
54,2017-08-18,162607,景顺长城资源垄断混合LOF,0.0865
54,2017-08-18,202021,南方小康ETF联接A,0.1098
54,2017-10-27,307,易方达黄金ETF联接A,0.0625
54,2017-10-27,50025,博时标普500ETF联接QDII,0.4021
54,2017-10-27,110003,易方达上证50指数A,0.0745
54,2017-10-27,110030,易方达沪深300量化增强,0.0493
54,2017-10-27,110031,易方达恒生国企联接QDII,0.1961
54,2017-10-27,160127,南方新兴消费增长分级股票,0.0985
54,2017-10-27,162607,景顺长城资源垄断混合LOF,0.1169
54,2017-10-27,202021,南方小康ETF联接A,0
55,2017-07-01,50025,博时标普500ETF联接QDII,0.3795
55,2017-07-01,160127,南方新兴消费增长分级股票,0.0813
55,2017-07-01,160717,嘉实恒生中国企业QDII-LOF,0.2791
55,2017-07-01,160719,嘉实黄金QDII-FOF-LOF,0.1469
55,2017-07-01,162607,景顺长城资源垄断混合LOF,0.032
55,2017-07-01,260116,景顺长城核心竞争力混合A,0.0812
55,2017-08-18,307,易方达黄金ETF联接A,0.1035
55,2017-08-18,50025,博时标普500ETF联接QDII,0.3434
55,2017-08-18,110031,易方达恒生国企联接QDII,0.2624
55,2017-08-18,160127,南方新兴消费增长分级股票,0.0944
55,2017-08-18,162607,景顺长城资源垄断混合LOF,0.0865
55,2017-08-18,202021,南方小康ETF联接A,0.1098
55,2017-10-27,307,易方达黄金ETF联接A,0.0625
55,2017-10-27,50025,博时标普500ETF联接QDII,0.4022
55,2017-10-27,110003,易方达上证50指数A,0.0746
55,2017-10-27,110030,易方达沪深300量化增强,0.0493
55,2017-10-27,110031,易方达恒生国企联接QDII,0.1961
55,2017-10-27,160127,南方新兴消费增长分级股票,0.0984
55,2017-10-27,162607,景顺长城资源垄断混合LOF,0.1169
56,2017-07-01,50025,博时标普500ETF联接QDII,0.1486
56,2017-07-01,160127,南方新兴消费增长分级股票,0.0692
56,2017-07-01,160717,嘉实恒生中国企业QDII-LOF,0.156
56,2017-07-01,160719,嘉实黄金QDII-FOF-LOF,0.0616
56,2017-07-01,162607,景顺长城资源垄断混合LOF,0.0128
56,2017-07-01,261001,景顺长城稳定收益债券A,0.5518
56,2017-08-18,307,易方达黄金ETF联接A,0.0409
56,2017-08-18,413,国开岁月鎏金定开信用债C,0.1122
56,2017-08-18,50025,博时标普500ETF联接QDII,0.1485
56,2017-08-18,110031,易方达恒生国企联接QDII,0.1461
56,2017-08-18,160127,南方新兴消费增长分级股票,0.0784
56,2017-08-18,162607,景顺长城资源垄断混合LOF,0.0355
56,2017-08-18,202102,南方多利增强债券C,0.4383
56,2017-11-10,307,易方达黄金ETF联接A,0.032
56,2017-11-10,50025,博时标普500ETF联接QDII,0.1572
56,2017-11-10,110031,易方达恒生国企联接QDII,0.0814
56,2017-11-10,160127,南方新兴消费增长分级股票,0.1192
56,2017-11-10,162607,景顺长城资源垄断混合LOF,0.0608
56,2017-11-10,202102,南方多利增强债券C,0
56,2017-11-10,519023,海富通稳健添利债券C,0.5494
57,2017-07-01,50025,博时标普500ETF联接QDII,0.1486
57,2017-07-01,160127,南方新兴消费增长分级股票,0.0691
57,2017-07-01,160717,嘉实恒生中国企业QDII-LOF,0.1561
57,2017-07-01,160719,嘉实黄金QDII-FOF-LOF,0.0616
57,2017-07-01,162607,景顺长城资源垄断混合LOF,0.0128
57,2017-07-01,261001,景顺长城稳定收益债券A,0.5518
57,2017-08-18,307,易方达黄金ETF联接A,0.0409
57,2017-08-18,413,国开岁月鎏金定开信用债C,0.1122
57,2017-08-18,50025,博时标普500ETF联接QDII,0.1485
57,2017-08-18,110031,易方达恒生国企联接QDII,0.1464
57,2017-08-18,160127,南方新兴消费增长分级股票,0.0782
57,2017-08-18,162607,景顺长城资源垄断混合LOF,0.0355
57,2017-08-18,202102,南方多利增强债券C,0.4382
57,2017-11-10,307,易方达黄金ETF联接A,0.0321
57,2017-11-10,50025,博时标普500ETF联接QDII,0.1573
57,2017-11-10,110031,易方达恒生国企联接QDII,0.0814
57,2017-11-10,160127,南方新兴消费增长分级股票,0.1192
57,2017-11-10,162607,景顺长城资源垄断混合LOF,0.0607
57,2017-11-10,202102,南方多利增强债券C,0
57,2017-11-10,519023,海富通稳健添利债券C,0.5493
58,2017-07-01,50025,博时标普500ETF联接QDII,0.3795
58,2017-07-01,160127,南方新兴消费增长分级股票,0.1625
58,2017-07-01,160717,嘉实恒生中国企业QDII-LOF,0.2789
58,2017-07-01,160719,嘉实黄金QDII-FOF-LOF,0.1469
58,2017-07-01,162607,景顺长城资源垄断混合LOF,0.0321
58,2017-08-18,307,易方达黄金ETF联接A,0.1035
58,2017-08-18,50025,博时标普500ETF联接QDII,0.3432
58,2017-08-18,110031,易方达恒生国企联接QDII,0.262
58,2017-08-18,160127,南方新兴消费增长分级股票,0.2049
58,2017-08-18,162607,景顺长城资源垄断混合LOF,0.0864
59,2017-07-01,50025,博时标普500ETF联接QDII,0.3793
59,2017-07-01,160127,南方新兴消费增长分级股票,0.1627
59,2017-07-01,160717,嘉实恒生中国企业QDII-LOF,0.2787
59,2017-07-01,160719,嘉实黄金QDII-FOF-LOF,0.1471
59,2017-07-01,162607,景顺长城资源垄断混合LOF,0.0321
59,2017-08-18,307,易方达黄金ETF联接A,0.1033
59,2017-08-18,50025,博时标普500ETF联接QDII,0.3432
59,2017-08-18,110031,易方达恒生国企联接QDII,0.2621
59,2017-08-18,160127,南方新兴消费增长分级股票,0.2049
59,2017-08-18,162607,景顺长城资源垄断混合LOF,0.0865
60,2017-07-01,160127,南方新兴消费增长分级股票,0.0482
60,2017-07-01,160717,嘉实恒生中国企业QDII-LOF,0.1306
60,2017-07-01,162607,景顺长城资源垄断混合LOF,0.0287
60,2017-07-01,261001,景顺长城稳定收益债券A,0.7925
60,2017-08-18,160127,南方新兴消费增长分级股票,0.0366
60,2017-08-18,162607,景顺长城资源垄断混合LOF,0.0898
60,2017-08-18,202102,南方多利增强债券C,0.8736
60,2017-11-10,160127,南方新兴消费增长分级股票,0.1115
60,2017-11-10,162607,景顺长城资源垄断混合LOF,0.0699
60,2017-11-10,519023,海富通稳健添利债券C,0.8186
61,2017-07-01,160127,南方新兴消费增长分级股票,0.0482
61,2017-07-01,160717,嘉实恒生中国企业QDII-LOF,0.1306
61,2017-07-01,162607,景顺长城资源垄断混合LOF,0.0287
61,2017-07-01,261001,景顺长城稳定收益债券A,0.7925
61,2017-08-18,160127,南方新兴消费增长分级股票,0.0366
61,2017-08-18,162607,景顺长城资源垄断混合LOF,0.0898
61,2017-08-18,202102,南方多利增强债券C,0.8736
61,2017-11-10,160127,南方新兴消费增长分级股票,0.1115
61,2017-11-10,162607,景顺长城资源垄断混合LOF,0.0699
61,2017-11-10,519023,海富通稳健添利债券C,0.8186
62,2017-07-01,50025,博时标普500ETF联接QDII,0.0592
62,2017-07-01,160127,南方新兴消费增长分级股票,0.0339
62,2017-07-01,160717,嘉实恒生中国企业QDII-LOF,0.1158
62,2017-07-01,162607,景顺长城资源垄断混合LOF,0.0138
62,2017-07-01,261001,景顺长城稳定收益债券A,0.7773
62,2017-08-18,413,国开岁月鎏金定开信用债C,0.0962
62,2017-08-18,50025,博时标普500ETF联接QDII,0.0631
62,2017-08-18,110031,易方达恒生国企联接QDII,0.1051
62,2017-08-18,160127,南方新兴消费增长分级股票,0.0406
62,2017-08-18,162607,景顺长城资源垄断混合LOF,0.0198
62,2017-08-18,202102,南方多利增强债券C,0.6752
62,2017-11-10,50025,博时标普500ETF联接QDII,0.072
62,2017-11-10,110031,易方达恒生国企联接QDII,0.0615
62,2017-11-10,160127,南方新兴消费增长分级股票,0.0688
62,2017-11-10,162607,景顺长城资源垄断混合LOF,0.0264
62,2017-11-10,519023,海富通稳健添利债券C,0.7713
63,2017-07-01,50025,博时标普500ETF联接QDII,0.3795
63,2017-07-01,160127,南方新兴消费增长分级股票,0.1625
63,2017-07-01,160717,嘉实恒生中国企业QDII-LOF,0.2789
63,2017-07-01,160719,嘉实黄金QDII-FOF-LOF,0.1469
63,2017-07-01,162607,景顺长城资源垄断混合LOF,0.0321
63,2017-08-18,307,易方达黄金ETF联接A,0.1035
63,2017-08-18,50025,博时标普500ETF联接QDII,0.3432
63,2017-08-18,110031,易方达恒生国企联接QDII,0.262
63,2017-08-18,160127,南方新兴消费增长分级股票,0.2049
63,2017-08-18,162607,景顺长城资源垄断混合LOF,0.0864
64,2017-07-01,50025,博时标普500ETF联接QDII,0.3795
64,2017-07-01,160127,南方新兴消费增长分级股票,0.1625
64,2017-07-01,160717,嘉实恒生中国企业QDII-LOF,0.279
64,2017-07-01,160719,嘉实黄金QDII-FOF-LOF,0.1469
64,2017-07-01,162607,景顺长城资源垄断混合LOF,0.032
64,2017-08-18,307,易方达黄金ETF联接A,0.1035
64,2017-08-18,50025,博时标普500ETF联接QDII,0.3431
64,2017-08-18,110031,易方达恒生国企联接QDII,0.2622
64,2017-08-18,160127,南方新兴消费增长分级股票,0.2049
64,2017-08-18,162607,景顺长城资源垄断混合LOF,0.0863
65,2017-07-01,50025,博时标普500ETF联接QDII,0.0535
65,2017-07-01,160127,南方新兴消费增长分级股票,0.028
65,2017-07-01,160717,嘉实恒生中国企业QDII-LOF,0.1101
65,2017-07-01,160719,嘉实黄金QDII-FOF-LOF,0.029
65,2017-07-01,162607,景顺长城资源垄断混合LOF,0.0081
65,2017-07-01,261001,景顺长城稳定收益债券A,0.7713
65,2017-08-18,307,易方达黄金ETF联接A,0.0173
65,2017-08-18,413,国开岁月鎏金定开信用债C,0.0882
65,2017-08-18,50025,博时标普500ETF联接QDII,0.0594
65,2017-08-18,110031,易方达恒生国企联接QDII,0.0999
65,2017-08-18,160127,南方新兴消费增长分级股票,0.0364
65,2017-08-18,162607,景顺长城资源垄断混合LOF,0.0165
65,2017-08-18,202102,南方多利增强债券C,0.6823
65,2017-11-10,307,易方达黄金ETF联接A,0.0114
65,2017-11-10,50025,博时标普500ETF联接QDII,0.0691
65,2017-11-10,110031,易方达恒生国企联接QDII,0.059
65,2017-11-10,160127,南方新兴消费增长分级股票,0.067
65,2017-11-10,162607,景顺长城资源垄断混合LOF,0.024
65,2017-11-10,202102,南方多利增强债券C,0
65,2017-11-10,519023,海富通稳健添利债券C,0.7697
66,2017-07-01,70008,嘉实货币A,1
67,2017-07-01,50025,博时标普500ETF联接QDII,0.1486
67,2017-07-01,160127,南方新兴消费增长分级股票,0.0691
67,2017-07-01,160717,嘉实恒生中国企业QDII-LOF,0.1561
67,2017-07-01,160719,嘉实黄金QDII-FOF-LOF,0.0616
67,2017-07-01,162607,景顺长城资源垄断混合LOF,0.0128
67,2017-07-01,261001,景顺长城稳定收益债券A,0.5518
67,2017-08-18,307,易方达黄金ETF联接A,0.0409
67,2017-08-18,413,国开岁月鎏金定开信用债C,0.1122
67,2017-08-18,50025,博时标普500ETF联接QDII,0.1485
67,2017-08-18,110031,易方达恒生国企联接QDII,0.1463
67,2017-08-18,160127,南方新兴消费增长分级股票,0.0782
67,2017-08-18,162607,景顺长城资源垄断混合LOF,0.0355
67,2017-08-18,202102,南方多利增强债券C,0.4382
67,2017-11-10,307,易方达黄金ETF联接A,0.0321
67,2017-11-10,50025,博时标普500ETF联接QDII,0.1573
67,2017-11-10,110031,易方达恒生国企联接QDII,0.0814
67,2017-11-10,160127,南方新兴消费增长分级股票,0.1192
67,2017-11-10,162607,景顺长城资源垄断混合LOF,0.0607
67,2017-11-10,519023,海富通稳健添利债券C,0.5494
68,2017-07-01,50025,博时标普500ETF联接QDII,0.3795
68,2017-07-01,160127,南方新兴消费增长分级股票,0.0813
68,2017-07-01,160717,嘉实恒生中国企业QDII-LOF,0.2791
68,2017-07-01,160719,嘉实黄金QDII-FOF-LOF,0.1469
68,2017-07-01,162607,景顺长城资源垄断混合LOF,0.032
68,2017-07-01,260116,景顺长城核心竞争力混合A,0.0812
68,2017-08-18,307,易方达黄金ETF联接A,0.1036
68,2017-08-18,50025,博时标普500ETF联接QDII,0.3434
68,2017-08-18,110031,易方达恒生国企联接QDII,0.2625
68,2017-08-18,160127,南方新兴消费增长分级股票,0.0944
68,2017-08-18,162607,景顺长城资源垄断混合LOF,0.0865
68,2017-08-18,202021,南方小康ETF联接A,0.1098
68,2017-10-27,307,易方达黄金ETF联接A,0.0625
68,2017-10-27,50025,博时标普500ETF联接QDII,0.4022
68,2017-10-27,110003,易方达上证50指数A,0.0746
68,2017-10-27,110030,易方达沪深300量化增强,0.0493
68,2017-10-27,110031,易方达恒生国企联接QDII,0.196
68,2017-10-27,160127,南方新兴消费增长分级股票,0.0984
68,2017-10-27,162607,景顺长城资源垄断混合LOF,0.1168
68,2017-10-27,202021,南方小康ETF联接A,0
69,2017-07-01,50025,博时标普500ETF联接QDII,0.2535
69,2017-07-01,160127,南方新兴消费增长分级股票,0.0518
69,2017-07-01,160717,嘉实恒生中国企业QDII-LOF,0.2005
69,2017-07-01,160719,嘉实黄金QDII-FOF-LOF,0.0919
69,2017-07-01,162607,景顺长城资源垄断混合LOF,0.0191
69,2017-07-01,260116,景顺长城核心竞争力混合A,0.0517
69,2017-07-01,261001,景顺长城稳定收益债券A,0.3314
69,2017-08-18,307,易方达黄金ETF联接A,0.069
69,2017-08-18,413,国开岁月鎏金定开信用债C,0.0925
69,2017-08-18,50025,博时标普500ETF联接QDII,0.2426
69,2017-08-18,110031,易方达恒生国企联接QDII,0.1871
69,2017-08-18,160127,南方新兴消费增长分级股票,0.119
69,2017-08-18,162607,景顺长城资源垄断混合LOF,0.0529
69,2017-08-18,202102,南方多利增强债券C,0.2368
69,2017-11-10,307,易方达黄金ETF联接A,0.0499
69,2017-11-10,50025,博时标普500ETF联接QDII,0.2466
69,2017-11-10,110031,易方达恒生国企联接QDII,0.1199
69,2017-11-10,160127,南方新兴消费增长分级股票,0.1763
69,2017-11-10,162607,景顺长城资源垄断混合LOF,0.0806
69,2017-11-10,202102,南方多利增强债券C,0
69,2017-11-10,519023,海富通稳健添利债券C,0.3268
70,2017-07-01,50025,博时标普500ETF联接QDII,0.38
70,2017-07-01,160127,南方新兴消费增长分级股票,0.0814
70,2017-07-01,160717,嘉实恒生中国企业QDII-LOF,0.3749
70,2017-07-01,160719,嘉实黄金QDII-FOF-LOF,0.0504
70,2017-07-01,162607,景顺长城资源垄断混合LOF,0.0321
70,2017-07-01,260116,景顺长城核心竞争力混合A,0.0813
70,2017-08-18,307,易方达黄金ETF联接A,0.1036
70,2017-08-18,50025,博时标普500ETF联接QDII,0.3434
70,2017-08-18,110031,易方达恒生国企联接QDII,0.2626
70,2017-08-18,160127,南方新兴消费增长分级股票,0.0944
70,2017-08-18,162607,景顺长城资源垄断混合LOF,0.0864
70,2017-08-18,202021,南方小康ETF联接A,0.1098
70,2017-10-27,307,易方达黄金ETF联接A,0.0624
70,2017-10-27,50025,博时标普500ETF联接QDII,0.4022
70,2017-10-27,110003,易方达上证50指数A,0.0746
70,2017-10-27,110030,易方达沪深300量化增强,0.0492
70,2017-10-27,110031,易方达恒生国企联接QDII,0.1961
70,2017-10-27,160127,南方新兴消费增长分级股票,0.0985
70,2017-10-27,162607,景顺长城资源垄断混合LOF,0.1169
70,2017-10-27,202021,南方小康ETF联接A,0
71,2017-07-01,50025,博时标普500ETF联接QDII,0.1487
71,2017-07-01,160127,南方新兴消费增长分级股票,0.0691
71,2017-07-01,160717,嘉实恒生中国企业QDII-LOF,0.1673
71,2017-07-01,160719,嘉实黄金QDII-FOF-LOF,0.0502
71,2017-07-01,162607,景顺长城资源垄断混合LOF,0.0128
71,2017-07-01,261001,景顺长城稳定收益债券A,0.5518
71,2017-08-18,307,易方达黄金ETF联接A,0.041
71,2017-08-18,413,国开岁月鎏金定开信用债C,0.1196
71,2017-08-18,50025,博时标普500ETF联接QDII,0.1485
71,2017-08-18,110031,易方达恒生国企联接QDII,0.1464
71,2017-08-18,160127,南方新兴消费增长分级股票,0.0784
71,2017-08-18,162607,景顺长城资源垄断混合LOF,0.0354
71,2017-08-18,202102,南方多利增强债券C,0.4308
71,2017-11-10,307,易方达黄金ETF联接A,0.0321
71,2017-11-10,50025,博时标普500ETF联接QDII,0.1573
71,2017-11-10,110031,易方达恒生国企联接QDII,0.0813
71,2017-11-10,160127,南方新兴消费增长分级股票,0.1191
71,2017-11-10,162607,景顺长城资源垄断混合LOF,0.0607
71,2017-11-10,202102,南方多利增强债券C,0
71,2017-11-10,519023,海富通稳健添利债券C,0.5493
72,2017-07-01,50025,博时标普500ETF联接QDII,0.0534
72,2017-07-01,160127,南方新兴消费增长分级股票,0.028
72,2017-07-01,160717,嘉实恒生中国企业QDII-LOF,0.1102
72,2017-07-01,160719,嘉实黄金QDII-FOF-LOF,0.029
72,2017-07-01,162607,景顺长城资源垄断混合LOF,0.0081
72,2017-07-01,261001,景顺长城稳定收益债券A,0.7713
72,2017-08-18,307,易方达黄金ETF联接A,0.0174
72,2017-08-18,413,国开岁月鎏金定开信用债C,0.0882
72,2017-08-18,50025,博时标普500ETF联接QDII,0.0594
72,2017-08-18,110031,易方达恒生国企联接QDII,0.0998
72,2017-08-18,160127,南方新兴消费增长分级股票,0.0364
72,2017-08-18,162607,景顺长城资源垄断混合LOF,0.0166
72,2017-08-18,202102,南方多利增强债券C,0.6823
72,2017-11-10,307,易方达黄金ETF联接A,0.0113
72,2017-11-10,50025,博时标普500ETF联接QDII,0.0692
72,2017-11-10,110031,易方达恒生国企联接QDII,0.0589
72,2017-11-10,160127,南方新兴消费增长分级股票,0.0671
72,2017-11-10,162607,景顺长城资源垄断混合LOF,0.0238
72,2017-11-10,519023,海富通稳健添利债券C,0.7698
73,2017-07-01,50025,博时标普500ETF联接QDII,0.2535
73,2017-07-01,160127,南方新兴消费增长分级股票,0.0518
73,2017-07-01,160717,嘉实恒生中国企业QDII-LOF,0.2005
73,2017-07-01,160719,嘉实黄金QDII-FOF-LOF,0.0919
73,2017-07-01,162607,景顺长城资源垄断混合LOF,0.0191
73,2017-07-01,260116,景顺长城核心竞争力混合A,0.0517
73,2017-07-01,261001,景顺长城稳定收益债券A,0.3314
73,2017-08-18,307,易方达黄金ETF联接A,0.069
73,2017-08-18,413,国开岁月鎏金定开信用债C,0.0925
73,2017-08-18,50025,博时标普500ETF联接QDII,0.2426
73,2017-08-18,110031,易方达恒生国企联接QDII,0.1871
73,2017-08-18,160127,南方新兴消费增长分级股票,0.119
73,2017-08-18,162607,景顺长城资源垄断混合LOF,0.0529
73,2017-08-18,202102,南方多利增强债券C,0.2368
73,2017-11-10,307,易方达黄金ETF联接A,0.0499
73,2017-11-10,50025,博时标普500ETF联接QDII,0.2466
73,2017-11-10,110031,易方达恒生国企联接QDII,0.1198
73,2017-11-10,160127,南方新兴消费增长分级股票,0.1764
73,2017-11-10,162607,景顺长城资源垄断混合LOF,0.0805
73,2017-11-10,519023,海富通稳健添利债券C,0.3269
74,2017-07-01,50025,博时标普500ETF联接QDII,0.3795
74,2017-07-01,160127,南方新兴消费增长分级股票,0.0813
74,2017-07-01,160717,嘉实恒生中国企业QDII-LOF,0.2791
74,2017-07-01,160719,嘉实黄金QDII-FOF-LOF,0.1469
74,2017-07-01,162607,景顺长城资源垄断混合LOF,0.032
74,2017-07-01,260116,景顺长城核心竞争力混合A,0.0812
74,2017-08-18,307,易方达黄金ETF联接A,0.1034
74,2017-08-18,50025,博时标普500ETF联接QDII,0.3434
74,2017-08-18,110031,易方达恒生国企联接QDII,0.2625
74,2017-08-18,160127,南方新兴消费增长分级股票,0.0944
74,2017-08-18,162607,景顺长城资源垄断混合LOF,0.0865
74,2017-08-18,202021,南方小康ETF联接A,0.1098
74,2017-10-27,307,易方达黄金ETF联接A,0.0625
74,2017-10-27,50025,博时标普500ETF联接QDII,0.4021
74,2017-10-27,110003,易方达上证50指数A,0.0745
74,2017-10-27,110030,易方达沪深300量化增强,0.0493
74,2017-10-27,110031,易方达恒生国企联接QDII,0.1961
74,2017-10-27,160127,南方新兴消费增长分级股票,0.0985
74,2017-10-27,162607,景顺长城资源垄断混合LOF,0.1169
74,2017-10-27,202021,南方小康ETF联接A,0
75,2017-07-01,50025,博时标普500ETF联接QDII,0.1486
75,2017-07-01,160127,南方新兴消费增长分级股票,0.0691
75,2017-07-01,160717,嘉实恒生中国企业QDII-LOF,0.1561
75,2017-07-01,160719,嘉实黄金QDII-FOF-LOF,0.0616
75,2017-07-01,162607,景顺长城资源垄断混合LOF,0.0128
75,2017-07-01,261001,景顺长城稳定收益债券A,0.5518
75,2017-08-18,307,易方达黄金ETF联接A,0.0409
75,2017-08-18,413,国开岁月鎏金定开信用债C,0.1122
75,2017-08-18,50025,博时标普500ETF联接QDII,0.1485
75,2017-08-18,110031,易方达恒生国企联接QDII,0.1463
75,2017-08-18,160127,南方新兴消费增长分级股票,0.0783
75,2017-08-18,162607,景顺长城资源垄断混合LOF,0.0355
75,2017-08-18,202102,南方多利增强债券C,0.4382
75,2017-11-10,307,易方达黄金ETF联接A,0.0321
75,2017-11-10,50025,博时标普500ETF联接QDII,0.1573
75,2017-11-10,110031,易方达恒生国企联接QDII,0.0814
75,2017-11-10,160127,南方新兴消费增长分级股票,0.1192
75,2017-11-10,162607,景顺长城资源垄断混合LOF,0.0607
75,2017-11-10,202102,南方多利增强债券C,0
75,2017-11-10,519023,海富通稳健添利债券C,0.5495
76,2017-07-01,70008,嘉实货币A,1
77,2017-07-01,50025,博时标普500ETF联接QDII,0.0534
77,2017-07-01,160127,南方新兴消费增长分级股票,0.028
77,2017-07-01,160717,嘉实恒生中国企业QDII-LOF,0.1102
77,2017-07-01,160719,嘉实黄金QDII-FOF-LOF,0.029
77,2017-07-01,162607,景顺长城资源垄断混合LOF,0.0081
77,2017-07-01,261001,景顺长城稳定收益债券A,0.7713
77,2017-08-18,307,易方达黄金ETF联接A,0.0173
77,2017-08-18,413,国开岁月鎏金定开信用债C,0.0883
77,2017-08-18,50025,博时标普500ETF联接QDII,0.0594
77,2017-08-18,110031,易方达恒生国企联接QDII,0.0999
77,2017-08-18,160127,南方新兴消费增长分级股票,0.0364
77,2017-08-18,162607,景顺长城资源垄断混合LOF,0.0165
77,2017-08-18,202102,南方多利增强债券C,0.6823
77,2017-11-10,307,易方达黄金ETF联接A,0.0114
77,2017-11-10,50025,博时标普500ETF联接QDII,0.0692
77,2017-11-10,110031,易方达恒生国企联接QDII,0.0589
77,2017-11-10,160127,南方新兴消费增长分级股票,0.0669
77,2017-11-10,162607,景顺长城资源垄断混合LOF,0.024
77,2017-11-10,519023,海富通稳健添利债券C,0.7698
78,2017-07-01,50025,博时标普500ETF联接QDII,0.3795
78,2017-07-01,160127,南方新兴消费增长分级股票,0.1625
78,2017-07-01,160717,嘉实恒生中国企业QDII-LOF,0.2789
78,2017-07-01,160719,嘉实黄金QDII-FOF-LOF,0.1469
78,2017-07-01,162607,景顺长城资源垄断混合LOF,0.0321
78,2017-08-18,307,易方达黄金ETF联接A,0.1035
78,2017-08-18,50025,博时标普500ETF联接QDII,0.3432
78,2017-08-18,110031,易方达恒生国企联接QDII,0.262
78,2017-08-18,160127,南方新兴消费增长分级股票,0.2049
78,2017-08-18,162607,景顺长城资源垄断混合LOF,0.0864
79,2017-07-01,50025,博时标普500ETF联接QDII,0.2534
79,2017-07-01,160127,南方新兴消费增长分级股票,0.1035
79,2017-07-01,160717,嘉实恒生中国企业QDII-LOF,0.2007
79,2017-07-01,160719,嘉实黄金QDII-FOF-LOF,0.092
79,2017-07-01,162607,景顺长城资源垄断混合LOF,0.019
79,2017-07-01,261001,景顺长城稳定收益债券A,0.3314
79,2017-08-18,307,易方达黄金ETF联接A,0.0689
79,2017-08-18,413,国开岁月鎏金定开信用债C,0.0954
79,2017-08-18,50025,博时标普500ETF联接QDII,0.2427
79,2017-08-18,110031,易方达恒生国企联接QDII,0.1871
79,2017-08-18,160127,南方新兴消费增长分级股票,0.1191
79,2017-08-18,162607,景顺长城资源垄断混合LOF,0.0528
79,2017-08-18,202102,南方多利增强债券C,0.234
79,2017-11-10,307,易方达黄金ETF联接A,0.0503
79,2017-11-10,50025,博时标普500ETF联接QDII,0.2456
79,2017-11-10,110031,易方达恒生国企联接QDII,0.119
79,2017-11-10,160127,南方新兴消费增长分级股票,0.1749
79,2017-11-10,162607,景顺长城资源垄断混合LOF,0.0809
79,2017-11-10,202102,南方多利增强债券C,0
79,2017-11-10,519023,海富通稳健添利债券C,0.3293
80,2017-07-01,160127,南方新兴消费增长分级股票,0.0482
80,2017-07-01,160717,嘉实恒生中国企业QDII-LOF,0.1306
80,2017-07-01,162607,景顺长城资源垄断混合LOF,0.0287
80,2017-07-01,261001,景顺长城稳定收益债券A,0.7925
80,2017-08-18,160127,南方新兴消费增长分级股票,0.0366
80,2017-08-18,162607,景顺长城资源垄断混合LOF,0.0898
80,2017-08-18,202102,南方多利增强债券C,0.8736
80,2017-11-10,160127,南方新兴消费增长分级股票,0.1115
80,2017-11-10,162607,景顺长城资源垄断混合LOF,0.0699
80,2017-11-10,519023,海富通稳健添利债券C,0.8186
81,2017-07-01,160127,南方新兴消费增长分级股票,0.0482
81,2017-07-01,160717,嘉实恒生中国企业QDII-LOF,0.1306
81,2017-07-01,162607,景顺长城资源垄断混合LOF,0.0287
81,2017-07-01,261001,景顺长城稳定收益债券A,0.7925
81,2017-08-18,160127,南方新兴消费增长分级股票,0.0366
81,2017-08-18,162607,景顺长城资源垄断混合LOF,0.0898
81,2017-08-18,202102,南方多利增强债券C,0.8736
81,2017-11-10,160127,南方新兴消费增长分级股票,0.1115
81,2017-11-10,162607,景顺长城资源垄断混合LOF,0.0699
81,2017-11-10,519023,海富通稳健添利债券C,0.8186
82,2017-07-01,50025,博时标普500ETF联接QDII,0.0592
82,2017-07-01,160127,南方新兴消费增长分级股票,0.0339
82,2017-07-01,160717,嘉实恒生中国企业QDII-LOF,0.1158
82,2017-07-01,162607,景顺长城资源垄断混合LOF,0.0138
82,2017-07-01,261001,景顺长城稳定收益债券A,0.7773
82,2017-08-18,413,国开岁月鎏金定开信用债C,0.0962
82,2017-08-18,50025,博时标普500ETF联接QDII,0.0631
82,2017-08-18,110031,易方达恒生国企联接QDII,0.1051
82,2017-08-18,160127,南方新兴消费增长分级股票,0.0406
82,2017-08-18,162607,景顺长城资源垄断混合LOF,0.0198
82,2017-08-18,202102,南方多利增强债券C,0.6752
82,2017-11-10,50025,博时标普500ETF联接QDII,0.072
82,2017-11-10,110031,易方达恒生国企联接QDII,0.0615
82,2017-11-10,160127,南方新兴消费增长分级股票,0.0688
82,2017-11-10,162607,景顺长城资源垄断混合LOF,0.0264
82,2017-11-10,519023,海富通稳健添利债券C,0.7713
83,2017-07-01,50025,博时标普500ETF联接QDII,0.2536
83,2017-07-01,160127,南方新兴消费增长分级股票,0.1036
83,2017-07-01,160717,嘉实恒生中国企业QDII-LOF,0.2003
83,2017-07-01,160719,嘉实黄金QDII-FOF-LOF,0.0919
83,2017-07-01,162607,景顺长城资源垄断混合LOF,0.0192
83,2017-07-01,261001,景顺长城稳定收益债券A,0.3314
83,2017-08-18,307,易方达黄金ETF联接A,0.0691
83,2017-08-18,413,国开岁月鎏金定开信用债C,0.1059
83,2017-08-18,50025,博时标普500ETF联接QDII,0.2425
83,2017-08-18,110031,易方达恒生国企联接QDII,0.1871
83,2017-08-18,160127,南方新兴消费增长分级股票,0.1191
83,2017-08-18,162607,景顺长城资源垄断混合LOF,0.0528
83,2017-08-18,202102,南方多利增强债券C,0.2235
83,2017-11-10,307,易方达黄金ETF联接A,0.0499
83,2017-11-10,50025,博时标普500ETF联接QDII,0.2454
83,2017-11-10,110031,易方达恒生国企联接QDII,0.1196
83,2017-11-10,160127,南方新兴消费增长分级股票,0.176
83,2017-11-10,162607,景顺长城资源垄断混合LOF,0.0807
83,2017-11-10,519023,海富通稳健添利债券C,0.3282
84,2017-07-01,50025,博时标普500ETF联接QDII,0.2535
84,2017-07-01,160127,南方新兴消费增长分级股票,0.1036
84,2017-07-01,160717,嘉实恒生中国企业QDII-LOF,0.2005
84,2017-07-01,160719,嘉实黄金QDII-FOF-LOF,0.0919
84,2017-07-01,162607,景顺长城资源垄断混合LOF,0.0191
84,2017-07-01,261001,景顺长城稳定收益债券A,0.3314
84,2017-08-18,307,易方达黄金ETF联接A,0.0692
84,2017-08-18,413,国开岁月鎏金定开信用债C,0.1059
84,2017-08-18,50025,博时标普500ETF联接QDII,0.2425
84,2017-08-18,110031,易方达恒生国企联接QDII,0.1871
84,2017-08-18,160127,南方新兴消费增长分级股票,0.119
84,2017-08-18,162607,景顺长城资源垄断混合LOF,0.0529
84,2017-08-18,202102,南方多利增强债券C,0.2234
84,2017-11-10,307,易方达黄金ETF联接A,0.05
84,2017-11-10,50025,博时标普500ETF联接QDII,0.2457
84,2017-11-10,110031,易方达恒生国企联接QDII,0.1197
84,2017-11-10,160127,南方新兴消费增长分级股票,0.1762
84,2017-11-10,162607,景顺长城资源垄断混合LOF,0.0806
84,2017-11-10,202102,南方多利增强债券C,0
84,2017-11-10,519023,海富通稳健添利债券C,0.3277
85,2017-07-01,50025,博时标普500ETF联接QDII,0.1486
85,2017-07-01,160127,南方新兴消费增长分级股票,0.0692
85,2017-07-01,160717,嘉实恒生中国企业QDII-LOF,0.156
85,2017-07-01,160719,嘉实黄金QDII-FOF-LOF,0.0616
85,2017-07-01,162607,景顺长城资源垄断混合LOF,0.0128
85,2017-07-01,261001,景顺长城稳定收益债券A,0.5518
85,2017-08-18,307,易方达黄金ETF联接A,0.0409
85,2017-08-18,413,国开岁月鎏金定开信用债C,0.1122
85,2017-08-18,50025,博时标普500ETF联接QDII,0.1485
85,2017-08-18,110031,易方达恒生国企联接QDII,0.1461
85,2017-08-18,160127,南方新兴消费增长分级股票,0.0784
85,2017-08-18,162607,景顺长城资源垄断混合LOF,0.0355
85,2017-08-18,202102,南方多利增强债券C,0.4383
85,2017-11-10,307,易方达黄金ETF联接A,0.032
85,2017-11-10,50025,博时标普500ETF联接QDII,0.1572
85,2017-11-10,110031,易方达恒生国企联接QDII,0.0814
85,2017-11-10,160127,南方新兴消费增长分级股票,0.1192
85,2017-11-10,162607,景顺长城资源垄断混合LOF,0.0608
85,2017-11-10,202102,南方多利增强债券C,0
85,2017-11-10,519023,海富通稳健添利债券C,0.5494
86,2017-07-01,50025,博时标普500ETF联接QDII,0.2535
86,2017-07-01,160127,南方新兴消费增长分级股票,0.0518
86,2017-07-01,160717,嘉实恒生中国企业QDII-LOF,0.2005
86,2017-07-01,160719,嘉实黄金QDII-FOF-LOF,0.0919
86,2017-07-01,162607,景顺长城资源垄断混合LOF,0.0191
86,2017-07-01,260116,景顺长城核心竞争力混合A,0.0517
86,2017-07-01,261001,景顺长城稳定收益债券A,0.3314
86,2017-08-18,307,易方达黄金ETF联接A,0.0691
86,2017-08-18,413,国开岁月鎏金定开信用债C,0.0925
86,2017-08-18,50025,博时标普500ETF联接QDII,0.2426
86,2017-08-18,110031,易方达恒生国企联接QDII,0.187
86,2017-08-18,160127,南方新兴消费增长分级股票,0.1191
86,2017-08-18,162607,景顺长城资源垄断混合LOF,0.0528
86,2017-08-18,202102,南方多利增强债券C,0.2368
86,2017-11-10,307,易方达黄金ETF联接A,0.0499
86,2017-11-10,50025,博时标普500ETF联接QDII,0.2463
86,2017-11-10,110031,易方达恒生国企联接QDII,0.1199
86,2017-11-10,160127,南方新兴消费增长分级股票,0.1763
86,2017-11-10,162607,景顺长城资源垄断混合LOF,0.0806
86,2017-11-10,519023,海富通稳健添利债券C,0.3271
87,2017-07-01,50025,博时标普500ETF联接QDII,0.1486
87,2017-07-01,160127,南方新兴消费增长分级股票,0.0691
87,2017-07-01,160717,嘉实恒生中国企业QDII-LOF,0.1561
87,2017-07-01,160719,嘉实黄金QDII-FOF-LOF,0.0616
87,2017-07-01,162607,景顺长城资源垄断混合LOF,0.0128
87,2017-07-01,261001,景顺长城稳定收益债券A,0.5518
87,2017-08-18,307,易方达黄金ETF联接A,0.0409
87,2017-08-18,413,国开岁月鎏金定开信用债C,0.1122
87,2017-08-18,50025,博时标普500ETF联接QDII,0.1485
87,2017-08-18,110031,易方达恒生国企联接QDII,0.1463
87,2017-08-18,160127,南方新兴消费增长分级股票,0.0782
87,2017-08-18,162607,景顺长城资源垄断混合LOF,0.0355
87,2017-08-18,202102,南方多利增强债券C,0.4382
87,2017-11-10,307,易方达黄金ETF联接A,0.0321
87,2017-11-10,50025,博时标普500ETF联接QDII,0.1573
87,2017-11-10,110031,易方达恒生国企联接QDII,0.0814
87,2017-11-10,160127,南方新兴消费增长分级股票,0.1192
87,2017-11-10,162607,景顺长城资源垄断混合LOF,0.0607
87,2017-11-10,519023,海富通稳健添利债券C,0.5494
88,2017-07-01,50025,博时标普500ETF联接QDII,0.2535
88,2017-07-01,160127,南方新兴消费增长分级股票,0.0518
88,2017-07-01,160717,嘉实恒生中国企业QDII-LOF,0.2005
88,2017-07-01,160719,嘉实黄金QDII-FOF-LOF,0.0919
88,2017-07-01,162607,景顺长城资源垄断混合LOF,0.0191
88,2017-07-01,260116,景顺长城核心竞争力混合A,0.0517
88,2017-07-01,261001,景顺长城稳定收益债券A,0.3314
88,2017-08-18,307,易方达黄金ETF联接A,0.069
88,2017-08-18,413,国开岁月鎏金定开信用债C,0.0925
88,2017-08-18,50025,博时标普500ETF联接QDII,0.2426
88,2017-08-18,110031,易方达恒生国企联接QDII,0.1871
88,2017-08-18,160127,南方新兴消费增长分级股票,0.119
88,2017-08-18,162607,景顺长城资源垄断混合LOF,0.0529
88,2017-08-18,202102,南方多利增强债券C,0.2368
88,2017-11-10,307,易方达黄金ETF联接A,0.0499
88,2017-11-10,50025,博时标普500ETF联接QDII,0.2466
88,2017-11-10,110031,易方达恒生国企联接QDII,0.1198
88,2017-11-10,160127,南方新兴消费增长分级股票,0.1764
88,2017-11-10,162607,景顺长城资源垄断混合LOF,0.0805
88,2017-11-10,519023,海富通稳健添利债券C,0.3269
89,2017-07-01,50025,博时标普500ETF联接QDII,0.2535
89,2017-07-01,160127,南方新兴消费增长分级股票,0.0518
89,2017-07-01,160717,嘉实恒生中国企业QDII-LOF,0.2005
89,2017-07-01,160719,嘉实黄金QDII-FOF-LOF,0.0919
89,2017-07-01,162607,景顺长城资源垄断混合LOF,0.0191
89,2017-07-01,260116,景顺长城核心竞争力混合A,0.0517
89,2017-07-01,261001,景顺长城稳定收益债券A,0.3314
89,2017-08-18,307,易方达黄金ETF联接A,0.069
89,2017-08-18,413,国开岁月鎏金定开信用债C,0.0925
89,2017-08-18,50025,博时标普500ETF联接QDII,0.2426
89,2017-08-18,110031,易方达恒生国企联接QDII,0.1871
89,2017-08-18,160127,南方新兴消费增长分级股票,0.119
89,2017-08-18,162607,景顺长城资源垄断混合LOF,0.0529
89,2017-08-18,202102,南方多利增强债券C,0.2368
89,2017-11-10,307,易方达黄金ETF联接A,0.0499
89,2017-11-10,50025,博时标普500ETF联接QDII,0.2466
89,2017-11-10,110031,易方达恒生国企联接QDII,0.1199
89,2017-11-10,160127,南方新兴消费增长分级股票,0.1763
89,2017-11-10,162607,景顺长城资源垄断混合LOF,0.0806
89,2017-11-10,202102,南方多利增强债券C,0
89,2017-11-10,519023,海富通稳健添利债券C,0.3268
90,2017-07-01,50025,博时标普500ETF联接QDII,0.2536
90,2017-07-01,160127,南方新兴消费增长分级股票,0.0518
90,2017-07-01,160717,嘉实恒生中国企业QDII-LOF,0.2418
90,2017-07-01,160719,嘉实黄金QDII-FOF-LOF,0.0503
90,2017-07-01,162607,景顺长城资源垄断混合LOF,0.0191
90,2017-07-01,260116,景顺长城核心竞争力混合A,0.0518
90,2017-07-01,261001,景顺长城稳定收益债券A,0.3316
90,2017-08-18,307,易方达黄金ETF联接A,0.0691
90,2017-08-18,413,国开岁月鎏金定开信用债C,0.1108
90,2017-08-18,50025,博时标普500ETF联接QDII,0.2426
90,2017-08-18,110031,易方达恒生国企联接QDII,0.187
90,2017-08-18,160127,南方新兴消费增长分级股票,0.1191
90,2017-08-18,162607,景顺长城资源垄断混合LOF,0.0529
90,2017-08-18,202102,南方多利增强债券C,0.2185
90,2017-11-10,307,易方达黄金ETF联接A,0.0498
90,2017-11-10,50025,博时标普500ETF联接QDII,0.2466
90,2017-11-10,110031,易方达恒生国企联接QDII,0.1199
90,2017-11-10,160127,南方新兴消费增长分级股票,0.1763
90,2017-11-10,162607,景顺长城资源垄断混合LOF,0.0807
90,2017-11-10,202102,南方多利增强债券C,0
90,2017-11-10,519023,海富通稳健添利债券C,0.3269
91,2017-07-01,50025,博时标普500ETF联接QDII,0.1487
91,2017-07-01,160127,南方新兴消费增长分级股票,0.0691
91,2017-07-01,160717,嘉实恒生中国企业QDII-LOF,0.1673
91,2017-07-01,160719,嘉实黄金QDII-FOF-LOF,0.0502
91,2017-07-01,162607,景顺长城资源垄断混合LOF,0.0128
91,2017-07-01,261001,景顺长城稳定收益债券A,0.5518
91,2017-08-18,307,易方达黄金ETF联接A,0.041
91,2017-08-18,413,国开岁月鎏金定开信用债C,0.1196
91,2017-08-18,50025,博时标普500ETF联接QDII,0.1485
91,2017-08-18,110031,易方达恒生国企联接QDII,0.1464
91,2017-08-18,160127,南方新兴消费增长分级股票,0.0784
91,2017-08-18,162607,景顺长城资源垄断混合LOF,0.0354
91,2017-08-18,202102,南方多利增强债券C,0.4308
91,2017-11-10,307,易方达黄金ETF联接A,0.0321
91,2017-11-10,50025,博时标普500ETF联接QDII,0.1573
91,2017-11-10,110031,易方达恒生国企联接QDII,0.0813
91,2017-11-10,160127,南方新兴消费增长分级股票,0.1191
91,2017-11-10,162607,景顺长城资源垄断混合LOF,0.0607
91,2017-11-10,202102,南方多利增强债券C,0
91,2017-11-10,519023,海富通稳健添利债券C,0.5493
92,2017-07-01,50025,博时标普500ETF联接QDII,0.1486
92,2017-07-01,160127,南方新兴消费增长分级股票,0.0691
92,2017-07-01,160717,嘉实恒生中国企业QDII-LOF,0.1561
92,2017-07-01,160719,嘉实黄金QDII-FOF-LOF,0.0616
92,2017-07-01,162607,景顺长城资源垄断混合LOF,0.0128
92,2017-07-01,261001,景顺长城稳定收益债券A,0.5518
92,2017-08-18,307,易方达黄金ETF联接A,0.0409
92,2017-08-18,413,国开岁月鎏金定开信用债C,0.1122
92,2017-08-18,50025,博时标普500ETF联接QDII,0.1485
92,2017-08-18,110031,易方达恒生国企联接QDII,0.1465
92,2017-08-18,160127,南方新兴消费增长分级股票,0.0783
92,2017-08-18,162607,景顺长城资源垄断混合LOF,0.0354
92,2017-08-18,202102,南方多利增强债券C,0.4382
92,2017-11-10,307,易方达黄金ETF联接A,0.0321
92,2017-11-10,50025,博时标普500ETF联接QDII,0.1573
92,2017-11-10,110031,易方达恒生国企联接QDII,0.0814
92,2017-11-10,160127,南方新兴消费增长分级股票,0.1193
92,2017-11-10,162607,景顺长城资源垄断混合LOF,0.0607
92,2017-11-10,202102,南方多利增强债券C,0
92,2017-11-10,519023,海富通稳健添利债券C,0.5493
93,2017-07-01,50025,博时标普500ETF联接QDII,0.2535
93,2017-07-01,160127,南方新兴消费增长分级股票,0.0518
93,2017-07-01,160717,嘉实恒生中国企业QDII-LOF,0.2005
93,2017-07-01,160719,嘉实黄金QDII-FOF-LOF,0.0919
93,2017-07-01,162607,景顺长城资源垄断混合LOF,0.0191
93,2017-07-01,260116,景顺长城核心竞争力混合A,0.0517
93,2017-07-01,261001,景顺长城稳定收益债券A,0.3314
93,2017-08-18,307,易方达黄金ETF联接A,0.069
93,2017-08-18,413,国开岁月鎏金定开信用债C,0.0925
93,2017-08-18,50025,博时标普500ETF联接QDII,0.2426
93,2017-08-18,110031,易方达恒生国企联接QDII,0.1871
93,2017-08-18,160127,南方新兴消费增长分级股票,0.119
93,2017-08-18,162607,景顺长城资源垄断混合LOF,0.0529
93,2017-08-18,202102,南方多利增强债券C,0.2368
93,2017-11-10,307,易方达黄金ETF联接A,0.0499
93,2017-11-10,50025,博时标普500ETF联接QDII,0.2466
93,2017-11-10,110031,易方达恒生国企联接QDII,0.1198
93,2017-11-10,160127,南方新兴消费增长分级股票,0.1764
93,2017-11-10,162607,景顺长城资源垄断混合LOF,0.0805
93,2017-11-10,519023,海富通稳健添利债券C,0.3269
94,2017-07-01,50025,博时标普500ETF联接QDII,0.3795
94,2017-07-01,160127,南方新兴消费增长分级股票,0.0813
94,2017-07-01,160717,嘉实恒生中国企业QDII-LOF,0.2791
94,2017-07-01,160719,嘉实黄金QDII-FOF-LOF,0.1469
94,2017-07-01,162607,景顺长城资源垄断混合LOF,0.032
94,2017-07-01,260116,景顺长城核心竞争力混合A,0.0812
94,2017-08-18,307,易方达黄金ETF联接A,0.1034
94,2017-08-18,50025,博时标普500ETF联接QDII,0.3434
94,2017-08-18,110031,易方达恒生国企联接QDII,0.2625
94,2017-08-18,160127,南方新兴消费增长分级股票,0.0944
94,2017-08-18,162607,景顺长城资源垄断混合LOF,0.0865
94,2017-08-18,202021,南方小康ETF联接A,0.1098
94,2017-10-27,307,易方达黄金ETF联接A,0.0625
94,2017-10-27,50025,博时标普500ETF联接QDII,0.4021
94,2017-10-27,110003,易方达上证50指数A,0.0745
94,2017-10-27,110030,易方达沪深300量化增强,0.0493
94,2017-10-27,110031,易方达恒生国企联接QDII,0.1961
94,2017-10-27,160127,南方新兴消费增长分级股票,0.0985
94,2017-10-27,162607,景顺长城资源垄断混合LOF,0.1169
94,2017-10-27,202021,南方小康ETF联接A,0
95,2017-07-01,50025,博时标普500ETF联接QDII,0.2535
95,2017-07-01,160127,南方新兴消费增长分级股票,0.0518
95,2017-07-01,160717,嘉实恒生中国企业QDII-LOF,0.2005
95,2017-07-01,160719,嘉实黄金QDII-FOF-LOF,0.0919
95,2017-07-01,162607,景顺长城资源垄断混合LOF,0.0191
95,2017-07-01,260116,景顺长城核心竞争力混合A,0.0517
95,2017-07-01,261001,景顺长城稳定收益债券A,0.3314
95,2017-08-18,307,易方达黄金ETF联接A,0.0691
95,2017-08-18,413,国开岁月鎏金定开信用债C,0.0925
95,2017-08-18,50025,博时标普500ETF联接QDII,0.2426
95,2017-08-18,110031,易方达恒生国企联接QDII,0.187
95,2017-08-18,160127,南方新兴消费增长分级股票,0.1191
95,2017-08-18,162607,景顺长城资源垄断混合LOF,0.0528
95,2017-08-18,202102,南方多利增强债券C,0.2368
95,2017-11-10,307,易方达黄金ETF联接A,0.0499
95,2017-11-10,50025,博时标普500ETF联接QDII,0.2463
95,2017-11-10,110031,易方达恒生国企联接QDII,0.1199
95,2017-11-10,160127,南方新兴消费增长分级股票,0.1763
95,2017-11-10,162607,景顺长城资源垄断混合LOF,0.0806
95,2017-11-10,519023,海富通稳健添利债券C,0.3271
96,2017-07-01,70008,嘉实货币A,1
97,2017-07-01,50025,博时标普500ETF联接QDII,0.1486
97,2017-07-01,160127,南方新兴消费增长分级股票,0.0691
97,2017-07-01,160717,嘉实恒生中国企业QDII-LOF,0.1561
97,2017-07-01,160719,嘉实黄金QDII-FOF-LOF,0.0616
97,2017-07-01,162607,景顺长城资源垄断混合LOF,0.0128
97,2017-07-01,261001,景顺长城稳定收益债券A,0.5518
97,2017-08-18,307,易方达黄金ETF联接A,0.0409
97,2017-08-18,413,国开岁月鎏金定开信用债C,0.1122
97,2017-08-18,50025,博时标普500ETF联接QDII,0.1485
97,2017-08-18,110031,易方达恒生国企联接QDII,0.1464
97,2017-08-18,160127,南方新兴消费增长分级股票,0.0782
97,2017-08-18,162607,景顺长城资源垄断混合LOF,0.0355
97,2017-08-18,202102,南方多利增强债券C,0.4382
97,2017-11-10,307,易方达黄金ETF联接A,0.0321
97,2017-11-10,50025,博时标普500ETF联接QDII,0.1573
97,2017-11-10,110031,易方达恒生国企联接QDII,0.0814
97,2017-11-10,160127,南方新兴消费增长分级股票,0.1192
97,2017-11-10,162607,景顺长城资源垄断混合LOF,0.0607
97,2017-11-10,202102,南方多利增强债券C,0
97,2017-11-10,519023,海富通稳健添利债券C,0.5493
98,2017-07-01,50025,博时标普500ETF联接QDII,0.2536
98,2017-07-01,160127,南方新兴消费增长分级股票,0.1036
98,2017-07-01,160717,嘉实恒生中国企业QDII-LOF,0.2003
98,2017-07-01,160719,嘉实黄金QDII-FOF-LOF,0.0919
98,2017-07-01,162607,景顺长城资源垄断混合LOF,0.0192
98,2017-07-01,261001,景顺长城稳定收益债券A,0.3314
98,2017-08-18,307,易方达黄金ETF联接A,0.0691
98,2017-08-18,413,国开岁月鎏金定开信用债C,0.1059
98,2017-08-18,50025,博时标普500ETF联接QDII,0.2425
98,2017-08-18,110031,易方达恒生国企联接QDII,0.1871
98,2017-08-18,160127,南方新兴消费增长分级股票,0.1191
98,2017-08-18,162607,景顺长城资源垄断混合LOF,0.0528
98,2017-08-18,202102,南方多利增强债券C,0.2235
98,2017-11-10,307,易方达黄金ETF联接A,0.0499
98,2017-11-10,50025,博时标普500ETF联接QDII,0.2454
98,2017-11-10,110031,易方达恒生国企联接QDII,0.1196
98,2017-11-10,160127,南方新兴消费增长分级股票,0.176
98,2017-11-10,162607,景顺长城资源垄断混合LOF,0.0807
98,2017-11-10,519023,海富通稳健添利债券C,0.3282
99,2017-07-01,50025,博时标普500ETF联接QDII,0.2534
99,2017-07-01,160127,南方新兴消费增长分级股票,0.1035
99,2017-07-01,160717,嘉实恒生中国企业QDII-LOF,0.2007
99,2017-07-01,160719,嘉实黄金QDII-FOF-LOF,0.092
99,2017-07-01,162607,景顺长城资源垄断混合LOF,0.019
99,2017-07-01,261001,景顺长城稳定收益债券A,0.3314
99,2017-08-18,307,易方达黄金ETF联接A,0.0689
99,2017-08-18,413,国开岁月鎏金定开信用债C,0.0954
99,2017-08-18,50025,博时标普500ETF联接QDII,0.2427
99,2017-08-18,110031,易方达恒生国企联接QDII,0.1871
99,2017-08-18,160127,南方新兴消费增长分级股票,0.1191
99,2017-08-18,162607,景顺长城资源垄断混合LOF,0.0528
99,2017-08-18,202102,南方多利增强债券C,0.234
99,2017-11-10,307,易方达黄金ETF联接A,0.0503
99,2017-11-10,50025,博时标普500ETF联接QDII,0.2456
99,2017-11-10,110031,易方达恒生国企联接QDII,0.119
99,2017-11-10,160127,南方新兴消费增长分级股票,0.1749
99,2017-11-10,162607,景顺长城资源垄断混合LOF,0.0809
99,2017-11-10,202102,南方多利增强债券C,0
99,2017-11-10,519023,海富通稳健添利债券C,0.3293
100,2017-07-01,50025,博时标普500ETF联接QDII,0.1613
100,2017-07-01,160127,南方新兴消费增长分级股票,0.0813
100,2017-07-01,160717,嘉实恒生中国企业QDII-LOF,0.168
100,2017-07-01,162607,景顺长城资源垄断混合LOF,0.0252
100,2017-07-01,261001,景顺长城稳定收益债券A,0.5642
100,2017-08-18,413,国开岁月鎏金定开信用债C,0.1186
100,2017-08-18,50025,博时标普500ETF联接QDII,0.1572
100,2017-08-18,110031,易方达恒生国企联接QDII,0.1595
100,2017-08-18,160127,南方新兴消费增长分级股票,0.0802
100,2017-08-18,162607,景顺长城资源垄断混合LOF,0.0401
100,2017-08-18,202102,南方多利增强债券C,0.4445
100,2017-11-10,50025,博时标普500ETF联接QDII,0.1692
100,2017-11-10,70009,嘉实超短债债券,0.0189
100,2017-11-10,110031,易方达恒生国企联接QDII,0.0825
100,2017-11-10,160127,南方新兴消费增长分级股票,0.1185
100,2017-11-10,162607,景顺长城资源垄断混合LOF,0.0612
100,2017-11-10,519023,海富通稳健添利债券C,0.5497
101,2017-11-27,70008,嘉实货币A,1
102,2017-11-27,70008,嘉实货币A,1
103,2017-11-27,307,易方达黄金ETF联接A,0.0336
103,2017-11-27,50025,博时标普500ETF联接QDII,0.1485
103,2017-11-27,110003,易方达上证50指数A,0.0675
103,2017-11-27,110031,易方达恒生国企联接QDII,0.0758
103,2017-11-27,160127,南方新兴消费增长分级股票,0.0681
103,2017-11-27,162607,景顺长城资源垄断混合LOF,0.0563
103,2017-11-27,519023,海富通稳健添利债券C,0.5503
104,2017-11-27,307,易方达黄金ETF联接A,0.0628
104,2017-11-27,50025,博时标普500ETF联接QDII,0.2326
104,2017-11-27,110003,易方达上证50指数A,0.0958
104,2017-11-27,110031,易方达恒生国企联接QDII,0.105
104,2017-11-27,160127,南方新兴消费增长分级股票,0.0967
104,2017-11-27,162607,景顺长城资源垄断混合LOF,0.0768
104,2017-11-27,519023,海富通稳健添利债券C,0.3302
105,2017-11-27,307,易方达黄金ETF联接A,0.0336
105,2017-11-27,50025,博时标普500ETF联接QDII,0.1485
105,2017-11-27,110003,易方达上证50指数A,0.0675
105,2017-11-27,110031,易方达恒生国企联接QDII,0.0758
105,2017-11-27,160127,南方新兴消费增长分级股票,0.0681
105,2017-11-27,162607,景顺长城资源垄断混合LOF,0.0563
105,2017-11-27,519023,海富通稳健添利债券C,0.5503
106,2017-11-27,307,易方达黄金ETF联接A,0.0336
106,2017-11-27,50025,博时标普500ETF联接QDII,0.1485
106,2017-11-27,110003,易方达上证50指数A,0.0675
106,2017-11-27,110031,易方达恒生国企联接QDII,0.0758
106,2017-11-27,160127,南方新兴消费增长分级股票,0.0681
106,2017-11-27,162607,景顺长城资源垄断混合LOF,0.0563
106,2017-11-27,519023,海富通稳健添利债券C,0.5503
107,2017-11-27,307,易方达黄金ETF联接A,0.0336
107,2017-11-27,50025,博时标普500ETF联接QDII,0.1485
107,2017-11-27,110003,易方达上证50指数A,0.0675
107,2017-11-27,110031,易方达恒生国企联接QDII,0.0758
107,2017-11-27,160127,南方新兴消费增长分级股票,0.0681
107,2017-11-27,162607,景顺长城资源垄断混合LOF,0.0563
107,2017-11-27,519023,海富通稳健添利债券C,0.5503
108,2017-11-27,70008,嘉实货币A,1
109,2017-11-27,307,易方达黄金ETF联接A,0.0336
109,2017-11-27,50025,博时标普500ETF联接QDII,0.1485
109,2017-11-27,110003,易方达上证50指数A,0.0675
109,2017-11-27,110031,易方达恒生国企联接QDII,0.0758
109,2017-11-27,160127,南方新兴消费增长分级股票,0.0681
109,2017-11-27,162607,景顺长城资源垄断混合LOF,0.0563
109,2017-11-27,519023,海富通稳健添利债券C,0.5503
110,2017-11-27,307,易方达黄金ETF联接A,0.0336
110,2017-11-27,50025,博时标普500ETF联接QDII,0.1485
110,2017-11-27,110003,易方达上证50指数A,0.0675
110,2017-11-27,110031,易方达恒生国企联接QDII,0.0758
110,2017-11-27,160127,南方新兴消费增长分级股票,0.0681
110,2017-11-27,162607,景顺长城资源垄断混合LOF,0.0563
110,2017-11-27,519023,海富通稳健添利债券C,0.5503
111,2017-11-27,307,易方达黄金ETF联接A,0.063
111,2017-11-27,50025,博时标普500ETF联接QDII,0.2328
111,2017-11-27,110003,易方达上证50指数A,0.1919
111,2017-11-27,110031,易方达恒生国企联接QDII,0.105
111,2017-11-27,162607,景顺长城资源垄断混合LOF,0.0769
111,2017-11-27,519023,海富通稳健添利债券C,0.3305
112,2017-11-27,307,易方达黄金ETF联接A,0.0939
112,2017-11-27,50025,博时标普500ETF联接QDII,0.3395
112,2017-11-27,110003,易方达上证50指数A,0.2912
112,2017-11-27,110031,易方达恒生国企联接QDII,0.1575
112,2017-11-27,162607,景顺长城资源垄断混合LOF,0.118
113,2017-11-27,307,易方达黄金ETF联接A,0.0336
113,2017-11-27,50025,博时标普500ETF联接QDII,0.1485
113,2017-11-27,110003,易方达上证50指数A,0.0675
113,2017-11-27,110031,易方达恒生国企联接QDII,0.0758
113,2017-11-27,160127,南方新兴消费增长分级股票,0.0681
113,2017-11-27,162607,景顺长城资源垄断混合LOF,0.0563
113,2017-11-27,519023,海富通稳健添利债券C,0.5503
114,2017-11-27,307,易方达黄金ETF联接A,0.0628
114,2017-11-27,50025,博时标普500ETF联接QDII,0.2326
114,2017-11-27,110003,易方达上证50指数A,0.0958
114,2017-11-27,110031,易方达恒生国企联接QDII,0.105
114,2017-11-27,160127,南方新兴消费增长分级股票,0.0967
114,2017-11-27,162607,景顺长城资源垄断混合LOF,0.0768
114,2017-11-27,519023,海富通稳健添利债券C,0.3302
115,2017-11-27,307,易方达黄金ETF联接A,0.0336
115,2017-11-27,50025,博时标普500ETF联接QDII,0.1485
115,2017-11-27,110003,易方达上证50指数A,0.0675
115,2017-11-27,110031,易方达恒生国企联接QDII,0.0758
115,2017-11-27,160127,南方新兴消费增长分级股票,0.0681
115,2017-11-27,162607,景顺长城资源垄断混合LOF,0.0563
115,2017-11-27,519023,海富通稳健添利债券C,0.5503
116,2017-11-27,307,易方达黄金ETF联接A,0.0628
116,2017-11-27,50025,博时标普500ETF联接QDII,0.2326
116,2017-11-27,110003,易方达上证50指数A,0.0958
116,2017-11-27,110031,易方达恒生国企联接QDII,0.105
116,2017-11-27,160127,南方新兴消费增长分级股票,0.0967
116,2017-11-27,162607,景顺长城资源垄断混合LOF,0.0768
116,2017-11-27,519023,海富通稳健添利债券C,0.3302
117,2017-11-27,307,易方达黄金ETF联接A,0.0628
117,2017-11-27,50025,博时标普500ETF联接QDII,0.2326
117,2017-11-27,110003,易方达上证50指数A,0.0958
117,2017-11-27,110031,易方达恒生国企联接QDII,0.105
117,2017-11-27,160127,南方新兴消费增长分级股票,0.0967
117,2017-11-27,162607,景顺长城资源垄断混合LOF,0.0768
117,2017-11-27,519023,海富通稳健添利债券C,0.3302
118,2017-11-27,307,易方达黄金ETF联接A,0.0336
118,2017-11-27,50025,博时标普500ETF联接QDII,0.1485
118,2017-11-27,110003,易方达上证50指数A,0.0675
118,2017-11-27,110031,易方达恒生国企联接QDII,0.0758
118,2017-11-27,160127,南方新兴消费增长分级股票,0.0681
118,2017-11-27,162607,景顺长城资源垄断混合LOF,0.0563
118,2017-11-27,519023,海富通稳健添利债券C,0.5503
119,2017-11-27,307,易方达黄金ETF联接A,0.0938
119,2017-11-27,50025,博时标普500ETF联接QDII,0.339
119,2017-11-27,110003,易方达上证50指数A,0.1454
119,2017-11-27,110031,易方达恒生国企联接QDII,0.1572
119,2017-11-27,160127,南方新兴消费增长分级股票,0.1468
119,2017-11-27,162607,景顺长城资源垄断混合LOF,0.0589
119,2017-11-27,519034,海富通中证内地低碳指数,0.0589
120,2017-11-27,307,易方达黄金ETF联接A,0.0336
120,2017-11-27,50025,博时标普500ETF联接QDII,0.1485
120,2017-11-27,110003,易方达上证50指数A,0.0675
120,2017-11-27,110031,易方达恒生国企联接QDII,0.0758
120,2017-11-27,160127,南方新兴消费增长分级股票,0.0681
120,2017-11-27,162607,景顺长城资源垄断混合LOF,0.0563
120,2017-11-27,519023,海富通稳健添利债券C,0.5503
121,2017-11-27,307,易方达黄金ETF联接A,0.094
121,2017-11-27,50025,博时标普500ETF联接QDII,0.3395
121,2017-11-27,110003,易方达上证50指数A,0.2912
121,2017-11-27,110031,易方达恒生国企联接QDII,0.1573
121,2017-11-27,162607,景顺长城资源垄断混合LOF,0.118
122,2017-11-27,307,易方达黄金ETF联接A,0.0939
122,2017-11-27,50025,博时标普500ETF联接QDII,0.3395
122,2017-11-27,110003,易方达上证50指数A,0.2912
122,2017-11-27,110031,易方达恒生国企联接QDII,0.1575
122,2017-11-27,162607,景顺长城资源垄断混合LOF,0.118
123,2017-11-27,307,易方达黄金ETF联接A,0.0628
123,2017-11-27,50025,博时标普500ETF联接QDII,0.2326
123,2017-11-27,110003,易方达上证50指数A,0.0958
123,2017-11-27,110031,易方达恒生国企联接QDII,0.105
123,2017-11-27,160127,南方新兴消费增长分级股票,0.0967
123,2017-11-27,162607,景顺长城资源垄断混合LOF,0.0768
123,2017-11-27,519023,海富通稳健添利债券C,0.3302
124,2017-11-27,307,易方达黄金ETF联接A,0.0938
124,2017-11-27,50025,博时标普500ETF联接QDII,0.339
124,2017-11-27,110003,易方达上证50指数A,0.1454
124,2017-11-27,110031,易方达恒生国企联接QDII,0.1572
124,2017-11-27,160127,南方新兴消费增长分级股票,0.1468
124,2017-11-27,162607,景顺长城资源垄断混合LOF,0.0589
124,2017-11-27,519034,海富通中证内地低碳指数,0.0589
125,2017-11-27,307,易方达黄金ETF联接A,0.0336
125,2017-11-27,50025,博时标普500ETF联接QDII,0.1485
125,2017-11-27,110003,易方达上证50指数A,0.0675
125,2017-11-27,110031,易方达恒生国企联接QDII,0.0758
125,2017-11-27,160127,南方新兴消费增长分级股票,0.0681
125,2017-11-27,162607,景顺长城资源垄断混合LOF,0.0563
125,2017-11-27,519023,海富通稳健添利债券C,0.5503
126,2017-11-27,307,易方达黄金ETF联接A,0.0336
126,2017-11-27,50025,博时标普500ETF联接QDII,0.1485
126,2017-11-27,110003,易方达上证50指数A,0.0675
126,2017-11-27,110031,易方达恒生国企联接QDII,0.0758
126,2017-11-27,160127,南方新兴消费增长分级股票,0.0681
126,2017-11-27,162607,景顺长城资源垄断混合LOF,0.0563
126,2017-11-27,519023,海富通稳健添利债券C,0.5503
127,2017-11-27,307,易方达黄金ETF联接A,0.0938
127,2017-11-27,50025,博时标普500ETF联接QDII,0.339
127,2017-11-27,110003,易方达上证50指数A,0.1454
127,2017-11-27,110031,易方达恒生国企联接QDII,0.1572
127,2017-11-27,160127,南方新兴消费增长分级股票,0.1468
127,2017-11-27,162607,景顺长城资源垄断混合LOF,0.0589
127,2017-11-27,519034,海富通中证内地低碳指数,0.0589
128,2017-11-27,307,易方达黄金ETF联接A,0.0336
128,2017-11-27,50025,博时标普500ETF联接QDII,0.1485
128,2017-11-27,110003,易方达上证50指数A,0.0675
128,2017-11-27,110031,易方达恒生国企联接QDII,0.0758
128,2017-11-27,160127,南方新兴消费增长分级股票,0.0681
128,2017-11-27,162607,景顺长城资源垄断混合LOF,0.0563
128,2017-11-27,519023,海富通稳健添利债券C,0.5503
129,2017-11-27,307,易方达黄金ETF联接A,0.0938
129,2017-11-27,50025,博时标普500ETF联接QDII,0.339
129,2017-11-27,110003,易方达上证50指数A,0.1454
129,2017-11-27,110031,易方达恒生国企联接QDII,0.1572
129,2017-11-27,160127,南方新兴消费增长分级股票,0.1468
129,2017-11-27,162607,景顺长城资源垄断混合LOF,0.0589
129,2017-11-27,519034,海富通中证内地低碳指数,0.0589
130,2017-11-27,307,易方达黄金ETF联接A,0.0105
130,2017-11-27,50025,博时标普500ETF联接QDII,0.061
130,2017-11-27,110003,易方达上证50指数A,0.0792
130,2017-11-27,110031,易方达恒生国企联接QDII,0.0541
130,2017-11-27,162607,景顺长城资源垄断混合LOF,0.0245
130,2017-11-27,519023,海富通稳健添利债券C,0.7707
131,2017-11-27,307,易方达黄金ETF联接A,0.094
131,2017-11-27,50025,博时标普500ETF联接QDII,0.3395
131,2017-11-27,110003,易方达上证50指数A,0.2912
131,2017-11-27,110031,易方达恒生国企联接QDII,0.1573
131,2017-11-27,162607,景顺长城资源垄断混合LOF,0.118
132,2017-11-27,307,易方达黄金ETF联接A,0.0939
132,2017-11-27,50025,博时标普500ETF联接QDII,0.3395
132,2017-11-27,110003,易方达上证50指数A,0.2912
132,2017-11-27,110031,易方达恒生国企联接QDII,0.1575
132,2017-11-27,162607,景顺长城资源垄断混合LOF,0.118
133,2017-11-27,307,易方达黄金ETF联接A,0.0336
133,2017-11-27,50025,博时标普500ETF联接QDII,0.1485
133,2017-11-27,110003,易方达上证50指数A,0.0675
133,2017-11-27,110031,易方达恒生国企联接QDII,0.0758
133,2017-11-27,160127,南方新兴消费增长分级股票,0.0681
133,2017-11-27,162607,景顺长城资源垄断混合LOF,0.0563
133,2017-11-27,519023,海富通稳健添利债券C,0.5503
134,2017-11-27,307,易方达黄金ETF联接A,0.0938
134,2017-11-27,50025,博时标普500ETF联接QDII,0.339
134,2017-11-27,110003,易方达上证50指数A,0.1454
134,2017-11-27,110031,易方达恒生国企联接QDII,0.1572
134,2017-11-27,160127,南方新兴消费增长分级股票,0.1468
134,2017-11-27,162607,景顺长城资源垄断混合LOF,0.0589
134,2017-11-27,519034,海富通中证内地低碳指数,0.0589
135,2017-11-27,307,易方达黄金ETF联接A,0.0336
135,2017-11-27,50025,博时标普500ETF联接QDII,0.1485
135,2017-11-27,110003,易方达上证50指数A,0.0675
135,2017-11-27,110031,易方达恒生国企联接QDII,0.0758
135,2017-11-27,160127,南方新兴消费增长分级股票,0.0681
135,2017-11-27,162607,景顺长城资源垄断混合LOF,0.0563
135,2017-11-27,519023,海富通稳健添利债券C,0.5503
136,2017-11-27,307,易方达黄金ETF联接A,0.0105
136,2017-11-27,50025,博时标普500ETF联接QDII,0.061
136,2017-11-27,110003,易方达上证50指数A,0.0792
136,2017-11-27,110031,易方达恒生国企联接QDII,0.0541
136,2017-11-27,162607,景顺长城资源垄断混合LOF,0.0245
136,2017-11-27,519023,海富通稳健添利债券C,0.7707
137,2017-11-27,307,易方达黄金ETF联接A,0.0336
137,2017-11-27,50025,博时标普500ETF联接QDII,0.1485
137,2017-11-27,110003,易方达上证50指数A,0.0675
137,2017-11-27,110031,易方达恒生国企联接QDII,0.0758
137,2017-11-27,160127,南方新兴消费增长分级股票,0.0681
137,2017-11-27,162607,景顺长城资源垄断混合LOF,0.0563
137,2017-11-27,519023,海富通稳健添利债券C,0.5503
138,2017-11-27,70008,嘉实货币A,1
139,2017-11-27,307,易方达黄金ETF联接A,0.0628
139,2017-11-27,50025,博时标普500ETF联接QDII,0.2326
139,2017-11-27,110003,易方达上证50指数A,0.0958
139,2017-11-27,110031,易方达恒生国企联接QDII,0.105
139,2017-11-27,160127,南方新兴消费增长分级股票,0.0967
139,2017-11-27,162607,景顺长城资源垄断混合LOF,0.0768
139,2017-11-27,519023,海富通稳健添利债券C,0.3302
140,2017-11-27,307,易方达黄金ETF联接A,0.0105
140,2017-11-27,50025,博时标普500ETF联接QDII,0.061
140,2017-11-27,110003,易方达上证50指数A,0.0792
140,2017-11-27,110031,易方达恒生国企联接QDII,0.0541
140,2017-11-27,162607,景顺长城资源垄断混合LOF,0.0245
140,2017-11-27,519023,海富通稳健添利债券C,0.7707
141,2017-11-27,307,易方达黄金ETF联接A,0.063
141,2017-11-27,50025,博时标普500ETF联接QDII,0.2328
141,2017-11-27,110003,易方达上证50指数A,0.1919
141,2017-11-27,110031,易方达恒生国企联接QDII,0.105
141,2017-11-27,162607,景顺长城资源垄断混合LOF,0.0769
141,2017-11-27,519023,海富通稳健添利债券C,0.3305
142,2017-11-27,307,易方达黄金ETF联接A,0.0629
142,2017-11-27,50025,博时标普500ETF联接QDII,0.2328
142,2017-11-27,110003,易方达上证50指数A,0.1918
142,2017-11-27,110031,易方达恒生国企联接QDII,0.1051
142,2017-11-27,162607,景顺长城资源垄断混合LOF,0.0769
142,2017-11-27,519023,海富通稳健添利债券C,0.3305
143,2017-11-27,307,易方达黄金ETF联接A,0.0336
143,2017-11-27,50025,博时标普500ETF联接QDII,0.1485
143,2017-11-27,110003,易方达上证50指数A,0.0675
143,2017-11-27,110031,易方达恒生国企联接QDII,0.0758
143,2017-11-27,160127,南方新兴消费增长分级股票,0.0681
143,2017-11-27,162607,景顺长城资源垄断混合LOF,0.0563
143,2017-11-27,519023,海富通稳健添利债券C,0.5503
144,2017-11-27,307,易方达黄金ETF联接A,0.0628
144,2017-11-27,50025,博时标普500ETF联接QDII,0.2326
144,2017-11-27,110003,易方达上证50指数A,0.0958
144,2017-11-27,110031,易方达恒生国企联接QDII,0.105
144,2017-11-27,160127,南方新兴消费增长分级股票,0.0967
144,2017-11-27,162607,景顺长城资源垄断混合LOF,0.0768
144,2017-11-27,519023,海富通稳健添利债券C,0.3302
145,2017-11-27,307,易方达黄金ETF联接A,0.0336
145,2017-11-27,50025,博时标普500ETF联接QDII,0.1485
145,2017-11-27,110003,易方达上证50指数A,0.0675
145,2017-11-27,110031,易方达恒生国企联接QDII,0.0758
145,2017-11-27,160127,南方新兴消费增长分级股票,0.0681
145,2017-11-27,162607,景顺长城资源垄断混合LOF,0.0563
145,2017-11-27,519023,海富通稳健添利债券C,0.5503
146,2017-11-27,307,易方达黄金ETF联接A,0.0336
146,2017-11-27,50025,博时标普500ETF联接QDII,0.1485
146,2017-11-27,110003,易方达上证50指数A,0.0675
146,2017-11-27,110031,易方达恒生国企联接QDII,0.0758
146,2017-11-27,160127,南方新兴消费增长分级股票,0.0681
146,2017-11-27,162607,景顺长城资源垄断混合LOF,0.0563
146,2017-11-27,519023,海富通稳健添利债券C,0.5503
147,2017-11-27,307,易方达黄金ETF联接A,0.0628
147,2017-11-27,50025,博时标普500ETF联接QDII,0.2326
147,2017-11-27,110003,易方达上证50指数A,0.0958
147,2017-11-27,110031,易方达恒生国企联接QDII,0.105
147,2017-11-27,160127,南方新兴消费增长分级股票,0.0967
147,2017-11-27,162607,景顺长城资源垄断混合LOF,0.0768
147,2017-11-27,519023,海富通稳健添利债券C,0.3302
148,2017-11-27,70008,嘉实货币A,1
149,2017-11-27,307,易方达黄金ETF联接A,0.0628
149,2017-11-27,50025,博时标普500ETF联接QDII,0.2326
149,2017-11-27,110003,易方达上证50指数A,0.0958
149,2017-11-27,110031,易方达恒生国企联接QDII,0.105
149,2017-11-27,160127,南方新兴消费增长分级股票,0.0967
149,2017-11-27,162607,景顺长城资源垄断混合LOF,0.0768
149,2017-11-27,519023,海富通稳健添利债券C,0.3302
150,2017-11-27,307,易方达黄金ETF联接A,0.0336
150,2017-11-27,50025,博时标普500ETF联接QDII,0.1485
150,2017-11-27,110003,易方达上证50指数A,0.0675
150,2017-11-27,110031,易方达恒生国企联接QDII,0.0758
150,2017-11-27,160127,南方新兴消费增长分级股票,0.0681
150,2017-11-27,162607,景顺长城资源垄断混合LOF,0.0563
150,2017-11-27,519023,海富通稳健添利债券C,0.5503
