,客户风险能力类型,新老客户种类,性别,存款比例,基金1比例,基金2比例,基金3比例
0.00000000 ,C5进取型(81-100),新客户,男,0.20000000 ,0.21000000 ,0.27000000 ,0.32000000 
0.00000000 ,C5进取型(81-100),新客户,男,0.20000000 ,0.05475499 ,0.74524501 ,0.00000000 
0.00000000 ,C5进取型(81-100),新客户,男,0.20000000 ,0.36232163 ,0.14949812 ,0.28818025 
0.00000000 ,C5进取型(81-100),新客户,男,0.20000000 ,0.19354058 ,0.00000000 ,0.60645942 
0.00000000 ,C5进取型(81-100),新客户,男,0.20000000 ,0.00659252 ,0.04790679 ,0.74550069 
0.00000000 ,C5进取型(81-100),新客户,男,0.20000000 ,0.00000015 ,0.21851492 ,0.58148493 
0.00000000 ,C5进取型(81-100),新客户,男,0.20000000 ,0.00000000 ,0.47791500 ,0.32208500 
0.00000000 ,C5进取型(81-100),新客户,男,0.20000000 ,0.03652333 ,0.00370774 ,0.75976893 
0.00000000 ,C5进取型(81-100),新客户,男,0.20000000 ,0.00000000 ,0.00000000 ,0.80000000 
0.00000000 ,C5进取型(81-100),新客户,女,0.21000000 ,0.20740000 ,0.26660000 ,0.31600000 
0.00000000 ,C5进取型(81-100),新客户,女,0.21000000 ,0.05407055 ,0.73592944 ,0.00000000 
0.00000000 ,C5进取型(81-100),新客户,女,0.21000000 ,0.35779261 ,0.14762939 ,0.28457800 
0.00000000 ,C5进取型(81-100),新客户,女,0.21000000 ,0.19112132 ,0.00000000 ,0.59887868 
0.00000000 ,C5进取型(81-100),新客户,女,0.21000000 ,0.00651012 ,0.04730795 ,0.73618193 
0.00000000 ,C5进取型(81-100),新客户,女,0.21000000 ,0.00000014 ,0.21578348 ,0.57421637 
0.00000000 ,C5进取型(81-100),新客户,女,0.21000000 ,0.00000000 ,0.47194106 ,0.31805894 
0.00000000 ,C5进取型(81-100),新客户,女,0.21000000 ,0.03606679 ,0.00366139 ,0.75027182 
0.00000000 ,C5进取型(81-100),新客户,女,0.21000000 ,0.00000000 ,0.00000000 ,0.79000000 
0.00000000 ,C5进取型(81-100),增1老客户,男,0.03800000 ,0.67340000 ,0.12030000 ,0.16840000 
0.00000000 ,C5进取型(81-100),增1老客户,男,0.03800000 ,0.06584288 ,0.89615712 ,0.00000000 
0.00000000 ,C5进取型(81-100),增1老客户,男,0.03800000 ,0.43569176 ,0.17977148 ,0.34653675 
0.00000000 ,C5进取型(81-100),增1老客户,男,0.03800000 ,0.23273255 ,0.00000000 ,0.72926745 
0.00000000 ,C5进取型(81-100),增1老客户,男,0.03800000 ,0.00792751 ,0.05760791 ,0.89646458 
0.00000000 ,C5进取型(81-100),增1老客户,男,0.03800000 ,0.00000017 ,0.26276419 ,0.69923563 
0.00000000 ,C5进取型(81-100),增1老客户,男,0.03800000 ,0.00000000 ,0.57469279 ,0.38730721 
0.00000000 ,C5进取型(81-100),增1老客户,男,0.03800000 ,0.04391930 ,0.00445856 ,0.91362214 
0.00000000 ,C5进取型(81-100),增1老客户,男,0.03800000 ,0.00000000 ,0.00000000 ,0.96200000 
0.00000000 ,C5进取型(81-100),增1老客户,女,0.04300000 ,0.66990000 ,0.11960000 ,0.16750000 
0.00000000 ,C5进取型(81-100),增1老客户,女,0.04300000 ,0.06550066 ,0.89149934 ,0.00000000 
0.00000000 ,C5进取型(81-100),增1老客户,女,0.04300000 ,0.43342725 ,0.17883712 ,0.34473563 
0.00000000 ,C5进取型(81-100),增1老客户,女,0.04300000 ,0.23152292 ,0.00000000 ,0.72547708 
0.00000000 ,C5进取型(81-100),增1老客户,女,0.04300000 ,0.00788630 ,0.05730849 ,0.89180520 
0.00000000 ,C5进取型(81-100),增1老客户,女,0.04300000 ,0.00000017 ,0.26139847 ,0.69560135 
0.00000000 ,C5进取型(81-100),增1老客户,女,0.04300000 ,0.00000000 ,0.57170582 ,0.38529418 
0.00000000 ,C5进取型(81-100),增1老客户,女,0.04300000 ,0.04369103 ,0.00443538 ,0.90887358 
0.00000000 ,C5进取型(81-100),增1老客户,女,0.04300000 ,0.00000000 ,0.00000000 ,0.95700000 
0.00000000 ,C5进取型(81-100),增2老客户,男,0.03800000 ,0.12030000 ,0.67340000 ,0.16840000 
0.00000000 ,C5进取型(81-100),增2老客户,男,0.03800000 ,0.06584288 ,0.89615712 ,0.00000000 
0.00000000 ,C5进取型(81-100),增2老客户,男,0.03800000 ,0.43569176 ,0.17977148 ,0.34653675 
0.00000000 ,C5进取型(81-100),增2老客户,男,0.03800000 ,0.23273255 ,0.00000000 ,0.72926745 
0.00000000 ,C5进取型(81-100),增2老客户,男,0.03800000 ,0.00792751 ,0.05760791 ,0.89646458 
0.00000000 ,C5进取型(81-100),增2老客户,男,0.03800000 ,0.00000017 ,0.26276419 ,0.69923563 
0.00000000 ,C5进取型(81-100),增2老客户,男,0.03800000 ,0.00000000 ,0.57469279 ,0.38730721 
0.00000000 ,C5进取型(81-100),增2老客户,男,0.03800000 ,0.04391930 ,0.00445856 ,0.91362214 
0.00000000 ,C5进取型(81-100),增2老客户,男,0.03800000 ,0.00000000 ,0.00000000 ,0.96200000 
0.00000000 ,C5进取型(81-100),增2老客户,女,0.04300000 ,0.11960000 ,0.66990000 ,0.16750000 
0.00000000 ,C5进取型(81-100),增2老客户,女,0.04300000 ,0.06550066 ,0.89149934 ,0.00000000 
0.00000000 ,C5进取型(81-100),增2老客户,女,0.04300000 ,0.43342725 ,0.17883712 ,0.34473563 
0.00000000 ,C5进取型(81-100),增2老客户,女,0.04300000 ,0.23152292 ,0.00000000 ,0.72547708 
0.00000000 ,C5进取型(81-100),增2老客户,女,0.04300000 ,0.00788630 ,0.05730849 ,0.89180520 
0.00000000 ,C5进取型(81-100),增2老客户,女,0.04300000 ,0.00000017 ,0.26139847 ,0.69560135 
0.00000000 ,C5进取型(81-100),增2老客户,女,0.04300000 ,0.00000000 ,0.57170582 ,0.38529418 
0.00000000 ,C5进取型(81-100),增2老客户,女,0.04300000 ,0.04369103 ,0.00443538 ,0.90887358 
0.00000000 ,C5进取型(81-100),增2老客户,女,0.04300000 ,0.00000000 ,0.00000000 ,0.95700000 
0.00000000 ,C4成长型(61-80),新客户,男,0.22000000 ,0.20480000 ,0.26330000 ,0.31200000 
0.00000000 ,C4成长型(61-80),新客户,男,0.22000000 ,0.05338612 ,0.72661388 ,0.00000000 
0.00000000 ,C4成长型(61-80),新客户,男,0.22000000 ,0.35326359 ,0.14576066 ,0.28097575 
0.00000000 ,C4成长型(61-80),新客户,男,0.22000000 ,0.18870206 ,0.00000000 ,0.59129794 
0.00000000 ,C4成长型(61-80),新客户,男,0.22000000 ,0.00642771 ,0.04670912 ,0.72686317 
0.00000000 ,C4成长型(61-80),新客户,男,0.22000000 ,0.00000014 ,0.21305205 ,0.56694781 
0.00000000 ,C4成长型(61-80),新客户,男,0.22000000 ,0.00000000 ,0.46596713 ,0.31403287 
0.00000000 ,C4成长型(61-80),新客户,男,0.22000000 ,0.03561024 ,0.00361505 ,0.74077471 
0.00000000 ,C4成长型(61-80),新客户,男,0.22000000 ,0.00000000 ,0.00000000 ,0.78000000 
0.00000000 ,C4成长型(61-80),新客户,女,0.23000000 ,0.20210000 ,0.25990000 ,0.30800000 
0.00000000 ,C4成长型(61-80),新客户,女,0.23000000 ,0.05270168 ,0.71729832 ,0.00000000 
0.00000000 ,C4成长型(61-80),新客户,女,0.23000000 ,0.34873457 ,0.14389194 ,0.27737349 
0.00000000 ,C4成长型(61-80),新客户,女,0.23000000 ,0.18628281 ,0.00000000 ,0.58371719 
0.00000000 ,C4成长型(61-80),新客户,女,0.23000000 ,0.00634530 ,0.04611028 ,0.71754442 
0.00000000 ,C4成长型(61-80),新客户,女,0.23000000 ,0.00000014 ,0.21032061 ,0.55967925 
0.00000000 ,C4成长型(61-80),新客户,女,0.23000000 ,0.00000000 ,0.45999319 ,0.31000681 
0.00000000 ,C4成长型(61-80),新客户,女,0.23000000 ,0.03515370 ,0.00356870 ,0.73127760 
0.00000000 ,C4成长型(61-80),新客户,女,0.23000000 ,0.00000000 ,0.00000000 ,0.77000000 
0.00000000 ,C4成长型(61-80),增1老客户,男,0.04100000 ,0.67130000 ,0.11990000 ,0.16780000 
0.00000000 ,C4成长型(61-80),增1老客户,男,0.04100000 ,0.06563755 ,0.89336245 ,0.00000000 
0.00000000 ,C4成长型(61-80),增1老客户,男,0.04100000 ,0.43433306 ,0.17921087 ,0.34545608 
0.00000000 ,C4成长型(61-80),增1老客户,男,0.04100000 ,0.23200677 ,0.00000000 ,0.72699323 
0.00000000 ,C4成长型(61-80),增1老客户,男,0.04100000 ,0.00790279 ,0.05742826 ,0.89366895 
0.00000000 ,C4成长型(61-80),增1老客户,男,0.04100000 ,0.00000017 ,0.26194476 ,0.69705507 
0.00000000 ,C4成长型(61-80),增1老客户,男,0.04100000 ,0.00000000 ,0.57290061 ,0.38609939 
0.00000000 ,C4成长型(61-80),增1老客户,男,0.04100000 ,0.04378234 ,0.00444465 ,0.91077301 
0.00000000 ,C4成长型(61-80),增1老客户,男,0.04100000 ,0.00000000 ,0.00000000 ,0.95900000 
0.00000000 ,C4成长型(61-80),增1老客户,女,0.04600000 ,0.66780000 ,0.11930000 ,0.16700000 
0.00000000 ,C4成长型(61-80),增1老客户,女,0.04600000 ,0.06529533 ,0.88870467 ,0.00000000 
0.00000000 ,C4成长型(61-80),增1老客户,女,0.04600000 ,0.43206855 ,0.17827650 ,0.34365495 
0.00000000 ,C4成长型(61-80),增1老客户,女,0.04600000 ,0.23079714 ,0.00000000 ,0.72320286 
0.00000000 ,C4成长型(61-80),增1老客户,女,0.04600000 ,0.00786158 ,0.05712884 ,0.88900958 
0.00000000 ,C4成长型(61-80),增1老客户,女,0.04600000 ,0.00000017 ,0.26057904 ,0.69342078 
0.00000000 ,C4成长型(61-80),增1老客户,女,0.04600000 ,0.00000000 ,0.56991364 ,0.38408636 
0.00000000 ,C4成长型(61-80),增1老客户,女,0.04600000 ,0.04355407 ,0.00442148 ,0.90602445 
0.00000000 ,C4成长型(61-80),增1老客户,女,0.04600000 ,0.00000000 ,0.00000000 ,0.95400000 
0.00000000 ,C4成长型(61-80),增2老客户,男,0.04100000 ,0.11990000 ,0.67130000 ,0.16780000 
0.00000000 ,C4成长型(61-80),增2老客户,男,0.04100000 ,0.06563755 ,0.89336245 ,0.00000000 
0.00000000 ,C4成长型(61-80),增2老客户,男,0.04100000 ,0.43433306 ,0.17921087 ,0.34545608 
0.00000000 ,C4成长型(61-80),增2老客户,男,0.04100000 ,0.23200677 ,0.00000000 ,0.72699323 
0.00000000 ,C4成长型(61-80),增2老客户,男,0.04100000 ,0.00790279 ,0.05742826 ,0.89366895 
0.00000000 ,C4成长型(61-80),增2老客户,男,0.04100000 ,0.00000017 ,0.26194476 ,0.69705507 
0.00000000 ,C4成长型(61-80),增2老客户,男,0.04100000 ,0.00000000 ,0.57290061 ,0.38609939 
0.00000000 ,C4成长型(61-80),增2老客户,男,0.04100000 ,0.04378234 ,0.00444465 ,0.91077301 
0.00000000 ,C4成长型(61-80),增2老客户,男,0.04100000 ,0.00000000 ,0.00000000 ,0.95900000 
0.00000000 ,C4成长型(61-80),增2老客户,女,0.04600000 ,0.11930000 ,0.66780000 ,0.16700000 
0.00000000 ,C4成长型(61-80),增2老客户,女,0.04600000 ,0.06529533 ,0.88870467 ,0.00000000 
0.00000000 ,C4成长型(61-80),增2老客户,女,0.04600000 ,0.43206855 ,0.17827650 ,0.34365495 
0.00000000 ,C4成长型(61-80),增2老客户,女,0.04600000 ,0.23079714 ,0.00000000 ,0.72320286 
0.00000000 ,C4成长型(61-80),增2老客户,女,0.04600000 ,0.00786158 ,0.05712884 ,0.88900958 
0.00000000 ,C4成长型(61-80),增2老客户,女,0.04600000 ,0.00000017 ,0.26057904 ,0.69342078 
0.00000000 ,C4成长型(61-80),增2老客户,女,0.04600000 ,0.00000000 ,0.56991364 ,0.38408636 
0.00000000 ,C4成长型(61-80),增2老客户,女,0.04600000 ,0.04355407 ,0.00442148 ,0.90602445 
0.00000000 ,C4成长型(61-80),增2老客户,女,0.04600000 ,0.00000000 ,0.00000000 ,0.95400000 
0.00000000 ,C3平衡性(41-60),新客户,男,0.24000000 ,0.19950000 ,0.25650000 ,0.30400000 
0.00000000 ,C3平衡性(41-60),新客户,男,0.24000000 ,0.05201724 ,0.70798275 ,0.00000000 
0.00000000 ,C3平衡性(41-60),新客户,男,0.24000000 ,0.34420555 ,0.14202321 ,0.27377124 
0.00000000 ,C3平衡性(41-60),新客户,男,0.24000000 ,0.18386355 ,0.00000000 ,0.57613645 
0.00000000 ,C3平衡性(41-60),新客户,男,0.24000000 ,0.00626290 ,0.04551145 ,0.70822566 
0.00000000 ,C3平衡性(41-60),新客户,男,0.24000000 ,0.00000014 ,0.20758917 ,0.55241069 
0.00000000 ,C3平衡性(41-60),新客户,男,0.24000000 ,0.00000000 ,0.45401925 ,0.30598075 
0.00000000 ,C3平衡性(41-60),新客户,男,0.24000000 ,0.03469716 ,0.00352235 ,0.72178049 
0.00000000 ,C3平衡性(41-60),新客户,男,0.24000000 ,0.00000000 ,0.00000000 ,0.76000000 
0.00000000 ,C3平衡性(41-60),新客户,女,0.25000000 ,0.19690000 ,0.25310000 ,0.30000000 
0.00000000 ,C3平衡性(41-60),新客户,女,0.25000000 ,0.05133280 ,0.69866719 ,0.00000000 
0.00000000 ,C3平衡性(41-60),新客户,女,0.25000000 ,0.33967653 ,0.14015448 ,0.27016899 
0.00000000 ,C3平衡性(41-60),新客户,女,0.25000000 ,0.18144429 ,0.00000000 ,0.56855571 
0.00000000 ,C3平衡性(41-60),新客户,女,0.25000000 ,0.00618049 ,0.04491261 ,0.69890690 
0.00000000 ,C3平衡性(41-60),新客户,女,0.25000000 ,0.00000014 ,0.20485774 ,0.54514213 
0.00000000 ,C3平衡性(41-60),新客户,女,0.25000000 ,0.00000000 ,0.44804531 ,0.30195469 
0.00000000 ,C3平衡性(41-60),新客户,女,0.25000000 ,0.03424062 ,0.00347601 ,0.71228337 
0.00000000 ,C3平衡性(41-60),新客户,女,0.25000000 ,0.00000000 ,0.00000000 ,0.75000000 
0.00000000 ,C3平衡性(41-60),增1老客户,男,0.04400000 ,0.66920000 ,0.11950000 ,0.16730000 
0.00000000 ,C3平衡性(41-60),增1老客户,男,0.04400000 ,0.06543221 ,0.89056778 ,0.00000000 
0.00000000 ,C3平衡性(41-60),增1老客户,男,0.04400000 ,0.43297435 ,0.17865025 ,0.34437540 
0.00000000 ,C3平衡性(41-60),增1老客户,男,0.04400000 ,0.23128099 ,0.00000000 ,0.72471901 
0.00000000 ,C3平衡性(41-60),增1老客户,男,0.04400000 ,0.00787806 ,0.05724861 ,0.89087333 
0.00000000 ,C3平衡性(41-60),增1老客户,男,0.04400000 ,0.00000017 ,0.26112533 ,0.69487450 
0.00000000 ,C3平衡性(41-60),增1老客户,男,0.04400000 ,0.00000000 ,0.57110843 ,0.38489157 
0.00000000 ,C3平衡性(41-60),增1老客户,男,0.04400000 ,0.04364538 ,0.00443075 ,0.90792387 
0.00000000 ,C3平衡性(41-60),增1老客户,男,0.04400000 ,0.00000000 ,0.00000000 ,0.95600000 
0.00000000 ,C3平衡性(41-60),增1老客户,女,0.04900000 ,0.66570000 ,0.11890000 ,0.16640000 
0.00000000 ,C3平衡性(41-60),增1老客户,女,0.04900000 ,0.06509000 ,0.88591000 ,0.00000000 
0.00000000 ,C3平衡性(41-60),增1老客户,女,0.04900000 ,0.43070984 ,0.17771588 ,0.34257428 
0.00000000 ,C3平衡性(41-60),增1老客户,女,0.04900000 ,0.23007136 ,0.00000000 ,0.72092864 
0.00000000 ,C3平衡性(41-60),增1老客户,女,0.04900000 ,0.00783686 ,0.05694919 ,0.88621395 
0.00000000 ,C3平衡性(41-60),增1老客户,女,0.04900000 ,0.00000017 ,0.25975961 ,0.69124022 
0.00000000 ,C3平衡性(41-60),增1老客户,女,0.04900000 ,0.00000000 ,0.56812146 ,0.38287854 
0.00000000 ,C3平衡性(41-60),增1老客户,女,0.04900000 ,0.04341711 ,0.00440758 ,0.90317532 
0.00000000 ,C3平衡性(41-60),增1老客户,女,0.04900000 ,0.00000000 ,0.00000000 ,0.95100000 
0.00000000 ,C3平衡性(41-60),增2老客户,男,0.04400000 ,0.11950000 ,0.66920000 ,0.16730000 
0.00000000 ,C3平衡性(41-60),增2老客户,男,0.04400000 ,0.06543221 ,0.89056778 ,0.00000000 
0.00000000 ,C3平衡性(41-60),增2老客户,男,0.04400000 ,0.43297435 ,0.17865025 ,0.34437540 
0.00000000 ,C3平衡性(41-60),增2老客户,男,0.04400000 ,0.23128099 ,0.00000000 ,0.72471901 
0.00000000 ,C3平衡性(41-60),增2老客户,男,0.04400000 ,0.00787806 ,0.05724861 ,0.89087333 
0.00000000 ,C3平衡性(41-60),增2老客户,男,0.04400000 ,0.00000017 ,0.26112533 ,0.69487450 
0.00000000 ,C3平衡性(41-60),增2老客户,男,0.04400000 ,0.00000000 ,0.57110843 ,0.38489157 
0.00000000 ,C3平衡性(41-60),增2老客户,男,0.04400000 ,0.04364538 ,0.00443075 ,0.90792387 
0.00000000 ,C3平衡性(41-60),增2老客户,男,0.04400000 ,0.00000000 ,0.00000000 ,0.95600000 
0.00000000 ,C3平衡性(41-60),增2老客户,女,0.04900000 ,0.11890000 ,0.66570000 ,0.16640000 
0.00000000 ,C3平衡性(41-60),增2老客户,女,0.04900000 ,0.06509000 ,0.88591000 ,0.00000000 
0.00000000 ,C3平衡性(41-60),增2老客户,女,0.04900000 ,0.43070984 ,0.17771588 ,0.34257428 
0.00000000 ,C3平衡性(41-60),增2老客户,女,0.04900000 ,0.23007136 ,0.00000000 ,0.72092864 
0.00000000 ,C3平衡性(41-60),增2老客户,女,0.04900000 ,0.00783686 ,0.05694919 ,0.88621395 
0.00000000 ,C3平衡性(41-60),增2老客户,女,0.04900000 ,0.00000017 ,0.25975961 ,0.69124022 
0.00000000 ,C3平衡性(41-60),增2老客户,女,0.04900000 ,0.00000000 ,0.56812146 ,0.38287854 
0.00000000 ,C3平衡性(41-60),增2老客户,女,0.04900000 ,0.04341711 ,0.00440758 ,0.90317532 
0.00000000 ,C3平衡性(41-60),增2老客户,女,0.04900000 ,0.00000000 ,0.00000000 ,0.95100000 
0.00000000 ,C2稳健型(25-40),新客户,男,0.26000000 ,0.19430000 ,0.24980000 ,0.29600000 
0.00000000 ,C2稳健型(25-40),新客户,男,0.26000000 ,0.05064837 ,0.68935163 ,0.00000000 
0.00000000 ,C2稳健型(25-40),新客户,男,0.26000000 ,0.33514751 ,0.13828576 ,0.26656673 
0.00000000 ,C2稳健型(25-40),新客户,男,0.26000000 ,0.17902503 ,0.00000000 ,0.56097497 
0.00000000 ,C2稳健型(25-40),新客户,男,0.26000000 ,0.00609808 ,0.04431378 ,0.68958814 
0.00000000 ,C2稳健型(25-40),新客户,男,0.26000000 ,0.00000013 ,0.20212630 ,0.53787356 
0.00000000 ,C2稳健型(25-40),新客户,男,0.26000000 ,0.00000000 ,0.44207138 ,0.29792862 
0.00000000 ,C2稳健型(25-40),新客户,男,0.26000000 ,0.03378408 ,0.00342966 ,0.70278626 
0.00000000 ,C2稳健型(25-40),新客户,男,0.26000000 ,0.00000000 ,0.00000000 ,0.74000000 
0.00000000 ,C2稳健型(25-40),新客户,女,0.27000000 ,0.19160000 ,0.24640000 ,0.29200000 
0.00000000 ,C2稳健型(25-40),新客户,女,0.27000000 ,0.04996393 ,0.68003607 ,0.00000000 
0.00000000 ,C2稳健型(25-40),新客户,女,0.27000000 ,0.33061849 ,0.13641703 ,0.26296448 
0.00000000 ,C2稳健型(25-40),新客户,女,0.27000000 ,0.17660578 ,0.00000000 ,0.55339422 
0.00000000 ,C2稳健型(25-40),新客户,女,0.27000000 ,0.00601568 ,0.04371494 ,0.68026938 
0.00000000 ,C2稳健型(25-40),新客户,女,0.27000000 ,0.00000013 ,0.19939487 ,0.53060500 
0.00000000 ,C2稳健型(25-40),新客户,女,0.27000000 ,0.00000000 ,0.43609744 ,0.29390256 
0.00000000 ,C2稳健型(25-40),新客户,女,0.27000000 ,0.03332754 ,0.00338331 ,0.69328915 
0.00000000 ,C2稳健型(25-40),新客户,女,0.27000000 ,0.00000000 ,0.00000000 ,0.73000000 
0.00000000 ,C2稳健型(25-40),增1老客户,男,0.04700000 ,0.66710000 ,0.11910000 ,0.16680000 
0.00000000 ,C2稳健型(25-40),增1老客户,男,0.04700000 ,0.06522688 ,0.88777311 ,0.00000000 
0.00000000 ,C2稳健型(25-40),增1老客户,男,0.04700000 ,0.43161564 ,0.17808963 ,0.34329473 
0.00000000 ,C2稳健型(25-40),增1老客户,男,0.04700000 ,0.23055521 ,0.00000000 ,0.72244479 
0.00000000 ,C2稳健型(25-40),增1老客户,男,0.04700000 ,0.00785334 ,0.05706896 ,0.88807770 
0.00000000 ,C2稳健型(25-40),增1老客户,男,0.04700000 ,0.00000017 ,0.26030590 ,0.69269393 
0.00000000 ,C2稳健型(25-40),增1老客户,男,0.04700000 ,0.00000000 ,0.56931625 ,0.38368375 
0.00000000 ,C2稳健型(25-40),增1老客户,男,0.04700000 ,0.04350841 ,0.00441685 ,0.90507474 
0.00000000 ,C2稳健型(25-40),增1老客户,男,0.04700000 ,0.00000000 ,0.00000000 ,0.95300000 
0.00000000 ,C2稳健型(25-40),增1老客户,女,0.05200000 ,0.66360000 ,0.11850000 ,0.16590000 
0.00000000 ,C2稳健型(25-40),增1老客户,女,0.05200000 ,0.06488466 ,0.88311533 ,0.00000000 
0.00000000 ,C2稳健型(25-40),增1老客户,女,0.05200000 ,0.42935113 ,0.17715527 ,0.34149360 
0.00000000 ,C2稳健型(25-40),增1老客户,女,0.05200000 ,0.22934559 ,0.00000000 ,0.71865441 
0.00000000 ,C2稳健型(25-40),增1老客户,女,0.05200000 ,0.00781214 ,0.05676954 ,0.88341832 
0.00000000 ,C2稳健型(25-40),增1老客户,女,0.05200000 ,0.00000017 ,0.25894018 ,0.68905965 
0.00000000 ,C2稳健型(25-40),增1老客户,女,0.05200000 ,0.00000000 ,0.56632928 ,0.38167072 
0.00000000 ,C2稳健型(25-40),增1老客户,女,0.05200000 ,0.04328014 ,0.00439367 ,0.90032618 
0.00000000 ,C2稳健型(25-40),增1老客户,女,0.05200000 ,0.00000000 ,0.00000000 ,0.94800000 
0.00000000 ,C2稳健型(25-40),增2老客户,男,0.04700000 ,0.11910000 ,0.66710000 ,0.16680000 
0.00000000 ,C2稳健型(25-40),增2老客户,男,0.04700000 ,0.06522688 ,0.88777311 ,0.00000000 
0.00000000 ,C2稳健型(25-40),增2老客户,男,0.04700000 ,0.43161564 ,0.17808963 ,0.34329473 
0.00000000 ,C2稳健型(25-40),增2老客户,男,0.04700000 ,0.23055521 ,0.00000000 ,0.72244479 
0.00000000 ,C2稳健型(25-40),增2老客户,男,0.04700000 ,0.00785334 ,0.05706896 ,0.88807770 
0.00000000 ,C2稳健型(25-40),增2老客户,男,0.04700000 ,0.00000017 ,0.26030590 ,0.69269393 
0.00000000 ,C2稳健型(25-40),增2老客户,男,0.04700000 ,0.00000000 ,0.56931625 ,0.38368375 
0.00000000 ,C2稳健型(25-40),增2老客户,男,0.04700000 ,0.04350841 ,0.00441685 ,0.90507474 
0.00000000 ,C2稳健型(25-40),增2老客户,男,0.04700000 ,0.00000000 ,0.00000000 ,0.95300000 
0.00000000 ,C2稳健型(25-40),增2老客户,女,0.05200000 ,0.11850000 ,0.66360000 ,0.16590000 
0.00000000 ,C2稳健型(25-40),增2老客户,女,0.05200000 ,0.06488466 ,0.88311533 ,0.00000000 
0.00000000 ,C2稳健型(25-40),增2老客户,女,0.05200000 ,0.42935113 ,0.17715527 ,0.34149360 
0.00000000 ,C2稳健型(25-40),增2老客户,女,0.05200000 ,0.22934559 ,0.00000000 ,0.71865441 
0.00000000 ,C2稳健型(25-40),增2老客户,女,0.05200000 ,0.00781214 ,0.05676954 ,0.88341832 
0.00000000 ,C2稳健型(25-40),增2老客户,女,0.05200000 ,0.00000017 ,0.25894018 ,0.68905965 
0.00000000 ,C2稳健型(25-40),增2老客户,女,0.05200000 ,0.00000000 ,0.56632928 ,0.38167072 
0.00000000 ,C2稳健型(25-40),增2老客户,女,0.05200000 ,0.04328014 ,0.00439367 ,0.90032618 
0.00000000 ,C2稳健型(25-40),增2老客户,女,0.05200000 ,0.00000000 ,0.00000000 ,0.94800000 
0.00000000 ,C1保守型(0-25),新客户,男,0.28000000 ,0.18900000 ,0.24300000 ,0.28800000 
0.00000000 ,C1保守型(0-25),新客户,男,0.28000000 ,0.04927949 ,0.67072050 ,0.00000000 
0.00000000 ,C1保守型(0-25),新客户,男,0.28000000 ,0.32608947 ,0.13454830 ,0.25936223 
0.00000000 ,C1保守型(0-25),新客户,男,0.28000000 ,0.17418652 ,0.00000000 ,0.54581348 
0.00000000 ,C1保守型(0-25),新客户,男,0.28000000 ,0.00593327 ,0.04311611 ,0.67095062 
0.00000000 ,C1保守型(0-25),新客户,男,0.28000000 ,0.00000013 ,0.19666343 ,0.52333644 
0.00000000 ,C1保守型(0-25),新客户,男,0.28000000 ,0.00000000 ,0.43012350 ,0.28987650 
0.00000000 ,C1保守型(0-25),新客户,男,0.28000000 ,0.03287099 ,0.00333697 ,0.68379204 
0.00000000 ,C1保守型(0-25),新客户,男,0.28000000 ,0.00000000 ,0.00000000 ,0.72000000 
0.00000000 ,C1保守型(0-25),新客户,女,0.29000000 ,0.18640000 ,0.23960000 ,0.28400000 
0.00000000 ,C1保守型(0-25),新客户,女,0.29000000 ,0.04859505 ,0.66140494 ,0.00000000 
0.00000000 ,C1保守型(0-25),新客户,女,0.29000000 ,0.32156045 ,0.13267958 ,0.25575997 
0.00000000 ,C1保守型(0-25),新客户,女,0.29000000 ,0.17176726 ,0.00000000 ,0.53823274 
0.00000000 ,C1保守型(0-25),新客户,女,0.29000000 ,0.00585086 ,0.04251727 ,0.66163186 
0.00000000 ,C1保守型(0-25),新客户,女,0.29000000 ,0.00000013 ,0.19393199 ,0.51606788 
0.00000000 ,C1保守型(0-25),新客户,女,0.29000000 ,0.00000000 ,0.42414956 ,0.28585044 
0.00000000 ,C1保守型(0-25),新客户,女,0.29000000 ,0.03241445 ,0.00329062 ,0.67429493 
0.00000000 ,C1保守型(0-25),新客户,女,0.29000000 ,0.00000000 ,0.00000000 ,0.71000000 
0.00000000 ,C1保守型(0-25),增1老客户,男,0.05000000 ,0.66500000 ,0.11880000 ,0.16630000 
0.00000000 ,C1保守型(0-25),增1老客户,男,0.05000000 ,0.06502155 ,0.88497844 ,0.00000000 
0.00000000 ,C1保守型(0-25),增1老客户,男,0.05000000 ,0.43025694 ,0.17752901 ,0.34221405 
0.00000000 ,C1保守型(0-25),增1老客户,男,0.05000000 ,0.22982944 ,0.00000000 ,0.72017056 
0.00000000 ,C1保守型(0-25),增1老客户,男,0.05000000 ,0.00782862 ,0.05688931 ,0.88528207 
0.00000000 ,C1保守型(0-25),增1老客户,男,0.05000000 ,0.00000017 ,0.25948647 ,0.69051336 
0.00000000 ,C1保守型(0-25),增1老客户,男,0.05000000 ,0.00000000 ,0.56752406 ,0.38247594 
0.00000000 ,C1保守型(0-25),增1老客户,男,0.05000000 ,0.04337145 ,0.00440294 ,0.90222561 
0.00000000 ,C1保守型(0-25),增1老客户,男,0.05000000 ,0.00000000 ,0.00000000 ,0.95000000 
0.00000000 ,C1保守型(0-25),增1老客户,女,0.05500000 ,0.66150000 ,0.11810000 ,0.16540000 
0.00000000 ,C1保守型(0-25),增1老客户,女,0.05500000 ,0.06467933 ,0.88032066 ,0.00000000 
0.00000000 ,C1保守型(0-25),增1老客户,女,0.05500000 ,0.42799243 ,0.17659465 ,0.34041292 
0.00000000 ,C1保守型(0-25),增1老客户,女,0.05500000 ,0.22861981 ,0.00000000 ,0.71638019 
0.00000000 ,C1保守型(0-25),增1老客户,女,0.05500000 ,0.00778742 ,0.05658989 ,0.88062269 
0.00000000 ,C1保守型(0-25),增1老客户,女,0.05500000 ,0.00000017 ,0.25812075 ,0.68687908 
0.00000000 ,C1保守型(0-25),增1老客户,女,0.05500000 ,0.00000000 ,0.56453710 ,0.38046290 
0.00000000 ,C1保守型(0-25),增1老客户,女,0.05500000 ,0.04314318 ,0.00437977 ,0.89747705 
0.00000000 ,C1保守型(0-25),增1老客户,女,0.05500000 ,0.00000000 ,0.00000000 ,0.94500000 
0.00000000 ,C1保守型(0-25),增2老客户,男,0.05000000 ,0.11880000 ,0.66500000 ,0.16630000 
0.00000000 ,C1保守型(0-25),增2老客户,男,0.05000000 ,0.06502155 ,0.88497844 ,0.00000000 
0.00000000 ,C1保守型(0-25),增2老客户,男,0.05000000 ,0.43025694 ,0.17752901 ,0.34221405 
0.00000000 ,C1保守型(0-25),增2老客户,男,0.05000000 ,0.22982944 ,0.00000000 ,0.72017056 
0.00000000 ,C1保守型(0-25),增2老客户,男,0.05000000 ,0.00782862 ,0.05688931 ,0.88528207 
0.00000000 ,C1保守型(0-25),增2老客户,男,0.05000000 ,0.00000017 ,0.25948647 ,0.69051336 
0.00000000 ,C1保守型(0-25),增2老客户,男,0.05000000 ,0.00000000 ,0.56752406 ,0.38247594 
0.00000000 ,C1保守型(0-25),增2老客户,男,0.05000000 ,0.04337145 ,0.00440294 ,0.90222561 
0.00000000 ,C1保守型(0-25),增2老客户,男,0.05000000 ,0.00000000 ,0.00000000 ,0.95000000 
0.00000000 ,C1保守型(0-25),增2老客户,女,0.05500000 ,0.11810000 ,0.66150000 ,0.16540000 
0.00000000 ,C1保守型(0-25),增2老客户,女,0.05500000 ,0.06467933 ,0.88032066 ,0.00000000 
0.00000000 ,C1保守型(0-25),增2老客户,女,0.05500000 ,0.42799243 ,0.17659465 ,0.34041292 
0.00000000 ,C1保守型(0-25),增2老客户,女,0.05500000 ,0.22861981 ,0.00000000 ,0.71638019 
0.00000000 ,C1保守型(0-25),增2老客户,女,0.05500000 ,0.00778742 ,0.05658989 ,0.88062269 
0.00000000 ,C1保守型(0-25),增2老客户,女,0.05500000 ,0.00000017 ,0.25812075 ,0.68687908 
0.00000000 ,C1保守型(0-25),增2老客户,女,0.05500000 ,0.00000000 ,0.56453710 ,0.38046290 
0.00000000 ,C1保守型(0-25),增2老客户,女,0.05500000 ,0.04314318 ,0.00437977 ,0.89747705 
0.00000000 ,C1保守型(0-25),增2老客户,女,0.05500000 ,0.00000000 ,0.00000000 ,0.94500000 
